catchId,tripId,speciesCode,count,keptCount,releasedCount,avgLengthCm,catchLat,catchLon,catchTime
c-0001-00,t-0001,SHARK,2,1,1,65.3,28.26601,-96.08936,10:15:00
c-0001-01,t-0001,SNOOK,5,5,0,84.8,26.85142,-97.38099,14:15:00
c-0001-02,t-0001,SHARK,8,6,2,119.0,27.22852,-97.31038,15:15:00
c-0001-03,t-0001,RED_SNAPPER,1,0,1,100.5,27.57461,-96.1143,11:30:00
c-0002-00,t-0002,SNOOK,9,4,5,78.5,26.32115,-96.31002,14:45:00
c-0002-01,t-0002,RED_SNAPPER,3,3,0,95.6,26.83259,-95.80535,06:15:00
c-0002-02,t-0002,TARPON,7,1,6,58.2,27.44313,-96.21584,12:30:00
c-0002-03,t-0002,SNOOK,1,0,1,108.5,28.23348,-96.07844,09:30:00
c-0003-00,t-0003,SHARK,2,2,0,104.2,27.75251,-96.78464,13:15:00
c-0003-01,t-0003,RED_SNAPPER,9,8,1,79.9,26.35153,-96.27498,12:00:00
c-0003-02,t-0003,RED_SNAPPER,5,1,4,44.1,26.2573,-97.07404,14:00:00
c-0003-03,t-0003,COBIA,2,2,0,32.8,26.197,-96.82802,12:15:00
c-0003-04,t-0003,FLOUNDER,7,3,4,95.5,26.60963,-96.05513,16:15:00
c-0003-05,t-0003,SHARK,11,10,1,63.8,27.63978,-97.00202,13:45:00
c-0004-00,t-0004,FLOUNDER,6,0,6,43.8,26.15502,-97.73717,15:45:00
c-0004-01,t-0004,TARPON,10,9,1,44.3,26.49274,-97.53538,12:45:00
c-0004-02,t-0004,TARPON,7,5,2,61.1,26.43794,-97.60614,16:00:00
c-0005-00,t-0005,TARPON,3,2,1,45.0,27.23346,-97.51964,06:45:00
c-0005-01,t-0005,SNOOK,2,0,2,119.9,27.85845,-96.08807,05:00:00
c-0005-02,t-0005,TARPON,3,3,0,68.1,28.13064,-96.10261,11:00:00
c-0006-00,t-0006,SNOOK,1,0,1,51.4,26.43677,-97.3646,05:45:00
c-0006-01,t-0006,FLOUNDER,3,0,3,28.0,27.15656,-96.09456,07:00:00
c-0006-02,t-0006,RED_SNAPPER,4,3,1,114.2,27.36858,-96.44957,14:15:00
c-0007-00,t-0007,TARPON,11,4,7,51.6,26.61091,-97.53824,06:00:00
c-0007-01,t-0007,FLOUNDER,2,0,2,41.3,27.05406,-95.80309,09:15:00
c-0007-02,t-0007,SHARK,4,2,2,35.8,28.1465,-96.03827,13:30:00
c-0008-00,t-0008,SHARK,3,2,1,80.5,28.04634,-96.31517,16:30:00
c-0008-01,t-0008,TARPON,5,4,1,45.1,26.46827,-96.53152,05:00:00
c-0009-00,t-0009,RED_SNAPPER,9,0,9,27.5,27.01622,-96.38867,16:15:00
c-0009-01,t-0009,COBIA,10,8,2,63.0,27.25486,-96.13081,05:30:00
c-0009-02,t-0009,COBIA,1,1,0,88.2,26.8387,-95.93382,15:00:00
c-0009-03,t-0009,COBIA,7,2,5,106.5,26.81346,-96.68023,07:45:00
c-0009-04,t-0009,TARPON,6,6,0,100.2,26.05701,-96.32687,16:15:00
c-0009-05,t-0009,RED_SNAPPER,2,1,1,105.9,26.61365,-96.22525,08:15:00
c-0009-06,t-0009,COBIA,5,1,4,22.4,27.87815,-96.87939,08:45:00
c-0010-00,t-0010,RED_SNAPPER,10,8,2,58.5,27.67565,-97.17265,14:15:00
c-0010-01,t-0010,SHARK,1,0,1,63.1,26.58586,-96.38243,15:30:00
c-0010-02,t-0010,SHARK,2,2,0,70.7,27.43326,-96.47323,15:45:00
c-0010-03,t-0010,COBIA,9,2,7,62.0,26.75022,-96.40558,11:15:00
c-0011-00,t-0011,TARPON,11,5,6,64.2,26.98874,-96.64003,15:15:00
c-0011-01,t-0011,SNOOK,12,2,10,28.5,27.1757,-96.21253,13:30:00
c-0011-02,t-0011,COBIA,4,2,2,100.7,26.21479,-95.896,07:00:00
c-0012-00,t-0012,SNOOK,4,1,3,88.8,27.60161,-96.81125,06:45:00
c-0012-01,t-0012,TARPON,12,8,4,25.0,26.50333,-96.19178,08:00:00
c-0012-02,t-0012,FLOUNDER,11,8,3,79.5,27.04986,-96.19717,12:45:00
c-0012-03,t-0012,TARPON,3,3,0,45.9,27.91031,-96.70426,08:30:00
c-0012-04,t-0012,SHARK,11,3,8,64.0,27.76137,-96.7574,16:30:00
c-0012-05,t-0012,COBIA,9,1,8,35.1,26.53934,-97.1283,11:15:00
c-0012-06,t-0012,FLOUNDER,7,5,2,66.6,27.62476,-97.67154,05:15:00
c-0013-00,t-0013,TARPON,10,3,7,41.9,27.71929,-96.70774,11:45:00
c-0013-01,t-0013,SNOOK,11,6,5,36.5,26.06676,-97.12774,12:15:00
c-0013-02,t-0013,RED_SNAPPER,7,0,7,84.3,28.25566,-96.73175,07:45:00
c-0013-03,t-0013,TARPON,6,1,5,52.7,26.41798,-97.27969,11:30:00
c-0013-04,t-0013,TARPON,5,0,5,21.9,27.72962,-96.13615,13:00:00
c-0013-05,t-0013,SNOOK,11,1,10,24.0,28.29979,-97.10008,05:15:00
c-0014-00,t-0014,COBIA,5,2,3,80.6,28.17984,-96.86993,16:00:00
c-0014-01,t-0014,FLOUNDER,5,0,5,22.6,27.78892,-97.47247,09:45:00
c-0014-02,t-0014,SNOOK,2,2,0,103.1,26.91231,-96.36997,08:00:00
c-0014-03,t-0014,RED_SNAPPER,11,9,2,99.6,27.60354,-97.19683,14:00:00
c-0014-04,t-0014,FLOUNDER,6,0,6,84.8,26.79857,-96.94324,05:45:00
c-0014-05,t-0014,TARPON,6,5,1,90.7,27.89136,-97.58892,11:15:00
c-0015-00,t-0015,TARPON,2,1,1,44.4,27.95894,-96.13854,12:45:00
c-0015-01,t-0015,TARPON,6,1,5,41.2,26.77371,-96.81139,09:30:00
c-0015-02,t-0015,RED_SNAPPER,5,4,1,71.7,26.64321,-96.60769,08:00:00
c-0015-03,t-0015,SNOOK,9,3,6,67.6,26.55512,-96.98714,16:45:00
c-0016-00,t-0016,RED_SNAPPER,5,1,4,92.1,27.61657,-97.25817,10:00:00
c-0016-01,t-0016,COBIA,12,2,10,41.6,27.70863,-95.89824,12:30:00
c-0016-02,t-0016,SHARK,9,9,0,118.1,27.66655,-95.84679,08:30:00
c-0016-03,t-0016,SHARK,1,0,1,24.6,26.52321,-97.44112,05:30:00
c-0017-00,t-0017,TARPON,1,1,0,31.4,27.10104,-97.11859,06:45:00
c-0017-01,t-0017,COBIA,11,0,11,34.9,27.13102,-96.64596,14:30:00
c-0017-02,t-0017,FLOUNDER,9,6,3,79.6,26.19592,-97.30362,14:15:00
c-0017-03,t-0017,FLOUNDER,8,4,4,119.0,27.7841,-97.03924,09:00:00
c-0017-04,t-0017,SHARK,4,1,3,86.0,27.40215,-96.31982,07:15:00
c-0018-00,t-0018,TARPON,5,5,0,27.1,26.07507,-97.22379,08:30:00
c-0018-01,t-0018,TARPON,11,3,8,31.5,27.812,-96.54988,08:15:00
c-0018-02,t-0018,COBIA,2,0,2,99.3,28.08935,-96.14674,14:30:00
c-0018-03,t-0018,TARPON,5,5,0,114.3,27.01005,-96.8626,13:45:00
c-0019-00,t-0019,FLOUNDER,5,1,4,63.6,27.19362,-96.91554,12:00:00
c-0019-01,t-0019,RED_SNAPPER,6,5,1,105.8,27.08102,-96.9833,10:45:00
c-0019-02,t-0019,TARPON,7,0,7,28.8,27.59545,-97.22356,09:30:00
c-0019-03,t-0019,SNOOK,9,0,9,106.9,26.26662,-96.2549,12:45:00
c-0019-04,t-0019,SNOOK,10,7,3,64.2,26.12467,-96.76312,05:15:00
c-0020-00,t-0020,RED_SNAPPER,9,6,3,42.5,26.36427,-96.69832,06:45:00
c-0020-01,t-0020,SNOOK,3,3,0,49.2,28.17824,-96.50458,16:30:00
c-0020-02,t-0020,TARPON,8,3,5,75.1,26.95563,-96.835,11:15:00
c-0020-03,t-0020,SHARK,3,0,3,97.3,28.1203,-96.78352,11:30:00
c-0020-04,t-0020,SNOOK,1,1,0,49.9,28.14877,-96.78452,14:45:00
c-0020-05,t-0020,SHARK,8,5,3,75.2,27.9901,-96.90691,13:45:00
c-0020-06,t-0020,FLOUNDER,4,1,3,58.3,27.04729,-97.15645,11:00:00
c-0021-00,t-0021,RED_SNAPPER,2,1,1,72.6,27.15527,-96.61964,12:00:00
c-0021-01,t-0021,RED_SNAPPER,11,2,9,66.9,27.66162,-96.98004,09:30:00
c-0021-02,t-0021,SNOOK,2,1,1,105.9,27.4335,-97.00503,11:30:00
c-0022-00,t-0022,SHARK,1,0,1,99.6,26.38264,-97.20107,09:30:00
c-0022-01,t-0022,FLOUNDER,9,6,3,88.2,26.86213,-97.50886,07:15:00
c-0022-02,t-0022,TARPON,7,3,4,111.3,26.40266,-96.58102,07:15:00
c-0022-03,t-0022,RED_SNAPPER,5,5,0,109.9,27.06064,-97.29205,12:30:00
c-0022-04,t-0022,FLOUNDER,8,5,3,49.9,27.55851,-97.48405,11:30:00
c-0023-00,t-0023,RED_SNAPPER,12,4,8,117.8,26.82561,-97.20826,15:45:00
c-0023-01,t-0023,RED_SNAPPER,11,11,0,111.1,26.6313,-96.66814,16:45:00
c-0023-02,t-0023,SHARK,4,4,0,41.9,27.91553,-95.99413,08:30:00
c-0023-03,t-0023,COBIA,11,10,1,82.8,27.55886,-96.35814,15:00:00
c-0023-04,t-0023,SNOOK,10,5,5,33.1,26.71055,-96.91835,09:30:00
c-0023-05,t-0023,FLOUNDER,3,2,1,70.2,27.71921,-97.44872,09:15:00
c-0024-00,t-0024,SNOOK,11,11,0,118.0,27.73455,-97.34877,13:30:00
c-0024-01,t-0024,RED_SNAPPER,5,4,1,65.5,26.2077,-97.01085,15:30:00
c-0024-02,t-0024,SNOOK,6,0,6,43.4,27.34449,-96.15517,05:30:00
c-0025-00,t-0025,COBIA,4,4,0,58.9,28.29063,-97.56776,10:45:00
c-0025-01,t-0025,TARPON,7,1,6,81.6,27.35088,-96.3468,09:00:00
c-0025-02,t-0025,SHARK,8,3,5,29.9,27.58765,-97.36546,15:30:00
c-0025-03,t-0025,TARPON,6,0,6,47.6,27.25227,-95.84431,06:45:00
c-0026-00,t-0026,COBIA,10,3,7,52.9,27.90858,-96.69158,07:00:00
c-0026-01,t-0026,COBIA,3,2,1,31.0,26.63773,-95.83194,05:15:00
c-0027-00,t-0027,TARPON,12,1,11,64.8,27.70595,-96.74783,10:00:00
c-0027-01,t-0027,SNOOK,10,0,10,98.3,27.03961,-97.3569,15:30:00
c-0027-02,t-0027,TARPON,1,1,0,62.6,27.0535,-95.87195,06:45:00
c-0028-00,t-0028,TARPON,6,6,0,59.9,27.03858,-97.34301,16:00:00
c-0028-01,t-0028,COBIA,5,2,3,88.7,26.71886,-97.17495,12:00:00
c-0028-02,t-0028,SNOOK,7,1,6,93.9,26.20982,-97.62927,07:00:00
c-0028-03,t-0028,RED_SNAPPER,6,5,1,61.1,27.34887,-96.67683,15:45:00
c-0028-04,t-0028,SHARK,5,4,1,55.2,27.99661,-96.35788,14:15:00
c-0029-00,t-0029,SNOOK,10,9,1,84.3,27.94386,-95.85091,05:30:00
c-0029-01,t-0029,SHARK,5,2,3,20.6,26.06659,-97.25346,07:45:00
c-0029-02,t-0029,SNOOK,1,0,1,73.0,26.16005,-96.31806,11:45:00
c-0029-03,t-0029,SHARK,5,5,0,97.7,27.04339,-97.48518,14:00:00
c-0029-04,t-0029,SNOOK,10,0,10,28.2,28.03169,-97.48884,12:45:00
c-0030-00,t-0030,RED_SNAPPER,9,4,5,42.1,27.5599,-96.61373,14:00:00
c-0030-01,t-0030,SHARK,4,1,3,48.9,26.01768,-97.19716,06:00:00
c-0030-02,t-0030,FLOUNDER,3,3,0,90.4,27.14399,-96.93869,13:30:00
c-0030-03,t-0030,RED_SNAPPER,1,1,0,66.0,26.16577,-96.07647,06:30:00
c-0031-00,t-0031,TARPON,2,0,2,78.9,28.11547,-97.62374,13:00:00
c-0031-01,t-0031,SHARK,6,1,5,97.9,26.91026,-97.17945,06:00:00
c-0031-02,t-0031,SNOOK,6,2,4,115.8,27.22039,-97.41219,15:15:00
c-0031-03,t-0031,FLOUNDER,4,1,3,35.3,26.54342,-97.50711,15:00:00
c-0031-04,t-0031,FLOUNDER,8,7,1,96.0,26.40744,-96.2543,12:30:00
c-0031-05,t-0031,RED_SNAPPER,3,3,0,66.9,27.98777,-96.54557,15:30:00
c-0031-06,t-0031,RED_SNAPPER,6,4,2,51.0,27.83156,-96.61716,12:00:00
c-0032-00,t-0032,TARPON,12,0,12,110.9,27.33476,-95.89154,14:15:00
c-0032-01,t-0032,TARPON,3,0,3,30.4,26.73951,-96.84874,10:00:00
c-0032-02,t-0032,TARPON,4,3,1,72.4,27.16046,-97.45488,14:15:00
c-0032-03,t-0032,SHARK,7,6,1,87.9,26.83697,-95.96413,05:30:00
c-0032-04,t-0032,SHARK,11,6,5,45.2,26.1516,-97.61099,15:15:00
c-0033-00,t-0033,SNOOK,9,6,3,99.2,27.63032,-97.63056,07:00:00
c-0033-01,t-0033,SHARK,6,0,6,50.9,27.48586,-96.95319,08:30:00
c-0033-02,t-0033,COBIA,4,1,3,27.7,28.17964,-96.82746,06:00:00
c-0033-03,t-0033,FLOUNDER,10,2,8,57.7,27.52244,-96.04721,07:15:00
c-0033-04,t-0033,RED_SNAPPER,3,3,0,61.1,27.91209,-96.2578,15:15:00
c-0033-05,t-0033,TARPON,12,12,0,43.4,28.23005,-96.57881,08:30:00
c-0034-00,t-0034,RED_SNAPPER,3,2,1,84.1,27.87885,-96.19748,10:00:00
c-0034-01,t-0034,RED_SNAPPER,2,1,1,96.3,27.63622,-96.76818,09:45:00
c-0034-02,t-0034,COBIA,7,1,6,101.7,28.0822,-97.5053,10:00:00
c-0035-00,t-0035,SHARK,12,10,2,99.1,26.73298,-97.60183,07:00:00
c-0035-01,t-0035,SNOOK,12,2,10,66.9,26.65982,-96.14048,14:00:00
c-0036-00,t-0036,COBIA,2,0,2,62.0,27.7852,-97.32472,14:45:00
c-0036-01,t-0036,RED_SNAPPER,8,8,0,83.2,26.14446,-96.12662,14:15:00
c-0037-00,t-0037,COBIA,2,1,1,93.3,27.71883,-97.08581,15:00:00
c-0037-01,t-0037,RED_SNAPPER,6,1,5,55.2,27.77445,-96.32963,10:15:00
c-0037-02,t-0037,SNOOK,12,7,5,38.2,27.90988,-96.43063,07:00:00
c-0037-03,t-0037,COBIA,1,1,0,24.4,27.6469,-95.91279,08:00:00
c-0038-00,t-0038,SHARK,11,5,6,32.4,26.82104,-96.23832,10:45:00
c-0038-01,t-0038,COBIA,7,5,2,69.6,28.04582,-96.31338,12:30:00
c-0038-02,t-0038,TARPON,2,2,0,27.9,28.12591,-96.76145,14:15:00
c-0038-03,t-0038,SNOOK,2,1,1,49.6,27.25459,-97.15758,12:45:00
c-0039-00,t-0039,SNOOK,2,2,0,60.6,28.25406,-95.90419,13:15:00
c-0039-01,t-0039,TARPON,10,10,0,23.5,28.19142,-97.51444,06:15:00
c-0039-02,t-0039,FLOUNDER,7,0,7,35.3,27.79059,-97.06734,12:30:00
c-0039-03,t-0039,FLOUNDER,10,2,8,56.7,26.85563,-96.27383,10:30:00
c-0039-04,t-0039,TARPON,12,2,10,71.8,26.57411,-97.5731,13:00:00
c-0039-05,t-0039,FLOUNDER,8,3,5,48.6,26.60209,-97.27942,12:15:00
c-0039-06,t-0039,SNOOK,8,2,6,64.5,26.28207,-96.09435,06:30:00
c-0040-00,t-0040,SHARK,8,0,8,75.4,27.82175,-97.32653,10:45:00
c-0040-01,t-0040,RED_SNAPPER,10,1,9,50.9,27.84842,-96.69671,16:45:00
c-0040-02,t-0040,COBIA,10,1,9,117.2,27.2091,-96.26167,15:00:00
c-0041-00,t-0041,COBIA,2,2,0,50.4,27.15659,-96.06358,07:30:00
c-0041-01,t-0041,RED_SNAPPER,9,4,5,45.1,28.1499,-97.34906,15:30:00
c-0041-02,t-0041,FLOUNDER,9,1,8,84.1,26.28789,-97.19435,14:15:00
c-0041-03,t-0041,FLOUNDER,10,5,5,24.1,26.39376,-96.55104,05:00:00
c-0041-04,t-0041,SNOOK,10,4,6,41.1,26.10456,-96.51709,14:45:00
c-0042-00,t-0042,TARPON,3,3,0,68.4,27.04315,-96.42277,08:30:00
c-0042-01,t-0042,SNOOK,12,5,7,118.8,27.39532,-97.17484,10:45:00
c-0042-02,t-0042,SHARK,9,1,8,44.2,26.30076,-97.05892,06:30:00
c-0042-03,t-0042,TARPON,1,1,0,106.4,27.03407,-97.51824,11:15:00
c-0043-00,t-0043,COBIA,8,3,5,78.3,26.20711,-97.01352,05:00:00
c-0043-01,t-0043,TARPON,11,10,1,48.6,26.64712,-96.60496,05:00:00
c-0044-00,t-0044,RED_SNAPPER,9,4,5,58.6,27.31165,-97.41069,12:30:00
c-0044-01,t-0044,COBIA,10,1,9,117.5,27.89822,-96.55352,11:30:00
c-0045-00,t-0045,TARPON,12,5,7,71.9,26.09259,-97.72217,07:15:00
c-0045-01,t-0045,FLOUNDER,3,3,0,93.9,26.75432,-96.57386,09:30:00
c-0045-02,t-0045,TARPON,8,4,4,101.6,27.16682,-96.78057,10:30:00
c-0045-03,t-0045,SNOOK,10,4,6,107.2,27.54975,-95.8402,15:00:00
c-0045-04,t-0045,FLOUNDER,11,9,2,42.8,27.37289,-97.26894,05:45:00
c-0045-05,t-0045,COBIA,10,6,4,102.2,26.39218,-96.54195,08:00:00
c-0046-00,t-0046,SHARK,9,6,3,115.7,26.74761,-96.47555,12:30:00
c-0046-01,t-0046,SNOOK,12,10,2,100.4,27.25643,-96.44826,09:45:00
c-0046-02,t-0046,COBIA,9,4,5,114.1,26.44221,-97.30696,09:30:00
c-0046-03,t-0046,TARPON,8,5,3,54.9,27.62127,-96.41952,16:30:00
c-0046-04,t-0046,TARPON,9,6,3,101.8,26.66192,-96.65305,07:30:00
c-0046-05,t-0046,TARPON,2,1,1,85.6,26.09675,-95.88937,16:45:00
c-0047-00,t-0047,RED_SNAPPER,4,1,3,30.0,26.11676,-95.98963,10:45:00
c-0047-01,t-0047,TARPON,1,0,1,85.3,26.23125,-96.25847,12:45:00
c-0047-02,t-0047,SHARK,5,2,3,84.6,27.49624,-96.28818,06:15:00
c-0048-00,t-0048,RED_SNAPPER,5,0,5,49.8,26.42852,-96.30199,14:00:00
c-0048-01,t-0048,FLOUNDER,8,8,0,69.4,28.13545,-97.12992,07:45:00
c-0048-02,t-0048,SNOOK,6,1,5,65.9,26.62753,-96.18237,09:15:00
c-0048-03,t-0048,SNOOK,5,4,1,95.7,26.03239,-97.12578,07:45:00
c-0048-04,t-0048,SNOOK,2,1,1,29.5,27.90208,-96.76944,07:45:00
c-0049-00,t-0049,TARPON,11,1,10,50.7,26.82697,-97.32739,11:30:00
c-0049-01,t-0049,FLOUNDER,5,2,3,42.1,27.58767,-96.52258,07:45:00
c-0049-02,t-0049,TARPON,10,5,5,90.2,26.35233,-96.30453,12:15:00
c-0049-03,t-0049,FLOUNDER,10,1,9,64.7,27.75228,-96.43932,16:30:00
c-0049-04,t-0049,FLOUNDER,1,0,1,73.7,26.17964,-96.67166,07:30:00
c-0049-05,t-0049,SNOOK,11,3,8,78.3,27.96532,-96.91632,06:45:00
c-0049-06,t-0049,TARPON,9,6,3,76.4,27.85999,-96.89314,13:45:00
c-0050-00,t-0050,RED_SNAPPER,9,0,9,118.6,26.9745,-96.39923,12:00:00
c-0050-01,t-0050,SHARK,3,3,0,119.3,26.66031,-97.44004,11:45:00
c-0051-00,t-0051,RED_SNAPPER,3,1,2,95.6,28.28355,-97.01388,09:45:00
c-0051-01,t-0051,COBIA,9,6,3,44.8,27.54905,-96.71111,10:15:00
c-0051-02,t-0051,RED_SNAPPER,12,12,0,23.2,26.63399,-95.92518,15:45:00
c-0052-00,t-0052,COBIA,4,4,0,95.4,27.70324,-96.99547,05:15:00
c-0052-01,t-0052,SHARK,12,9,3,77.7,27.15896,-97.22147,15:30:00
c-0052-02,t-0052,COBIA,11,8,3,61.4,26.54488,-96.04748,09:00:00
c-0053-00,t-0053,TARPON,3,2,1,38.4,26.73309,-96.96735,13:45:00
c-0053-01,t-0053,TARPON,12,2,10,111.5,26.55423,-97.34931,13:45:00
c-0053-02,t-0053,COBIA,3,3,0,45.5,28.22591,-96.68543,10:00:00
c-0053-03,t-0053,SNOOK,2,2,0,102.9,28.12112,-96.10573,05:30:00
c-0053-04,t-0053,COBIA,1,0,1,100.5,26.86749,-96.59006,14:15:00
c-0053-05,t-0053,RED_SNAPPER,6,2,4,41.2,27.10261,-96.06105,08:00:00
c-0054-00,t-0054,SHARK,6,2,4,56.0,26.87552,-96.7327,12:45:00
c-0054-01,t-0054,COBIA,8,5,3,57.1,26.2268,-95.83736,11:00:00
c-0054-02,t-0054,SHARK,3,0,3,75.3,27.29381,-97.35745,14:45:00
c-0054-03,t-0054,FLOUNDER,4,3,1,103.3,26.67894,-97.40762,12:30:00
c-0055-00,t-0055,RED_SNAPPER,3,1,2,90.7,26.11158,-97.78723,05:15:00
c-0055-01,t-0055,SNOOK,10,10,0,113.4,27.16319,-97.0536,12:45:00
c-0055-02,t-0055,RED_SNAPPER,7,0,7,72.9,26.03618,-96.73558,09:30:00
c-0055-03,t-0055,COBIA,11,6,5,30.7,26.03943,-96.17369,06:15:00
c-0055-04,t-0055,SHARK,5,2,3,99.5,26.55423,-96.56044,06:30:00
c-0055-05,t-0055,SHARK,4,1,3,88.4,28.20638,-96.882,06:00:00
c-0055-06,t-0055,RED_SNAPPER,9,7,2,83.7,26.21505,-97.04147,16:15:00
c-0056-00,t-0056,SHARK,10,7,3,24.7,26.48626,-96.06377,06:30:00
c-0056-01,t-0056,SHARK,1,0,1,21.6,28.06842,-96.67298,08:15:00
c-0056-02,t-0056,SHARK,7,1,6,36.2,27.73019,-96.37458,08:45:00
c-0057-00,t-0057,FLOUNDER,6,4,2,115.5,27.0053,-96.12265,11:30:00
c-0057-01,t-0057,COBIA,8,7,1,55.6,26.06814,-97.25335,11:45:00
c-0058-00,t-0058,SHARK,2,0,2,64.5,26.89613,-97.0786,09:00:00
c-0058-01,t-0058,FLOUNDER,8,8,0,71.2,26.30477,-97.42522,06:00:00
c-0058-02,t-0058,SHARK,10,9,1,106.4,26.20612,-96.69156,05:30:00
c-0058-03,t-0058,COBIA,12,8,4,77.2,26.95176,-96.24166,07:45:00
c-0058-04,t-0058,COBIA,5,3,2,26.3,26.38985,-97.26216,11:30:00
c-0058-05,t-0058,SHARK,2,1,1,114.4,26.96854,-96.83154,16:45:00
c-0058-06,t-0058,SHARK,2,0,2,20.7,27.36575,-97.4089,11:30:00
c-0059-00,t-0059,SHARK,4,3,1,37.8,26.73753,-95.90544,11:30:00
c-0059-01,t-0059,SHARK,8,3,5,57.6,26.67033,-96.41008,11:30:00
c-0059-02,t-0059,COBIA,10,8,2,88.2,26.26194,-96.6723,13:00:00
c-0059-03,t-0059,TARPON,12,3,9,99.8,28.19191,-96.87676,16:00:00
c-0060-00,t-0060,FLOUNDER,8,7,1,60.1,26.97319,-97.04602,13:45:00
c-0060-01,t-0060,FLOUNDER,6,5,1,79.4,27.25038,-96.21856,06:00:00
c-0060-02,t-0060,SNOOK,6,1,5,81.3,27.76859,-96.4848,14:45:00
c-0060-03,t-0060,RED_SNAPPER,7,1,6,29.9,28.22367,-97.13681,08:15:00
c-0060-04,t-0060,SNOOK,11,9,2,70.0,27.02529,-97.01773,10:00:00
c-0060-05,t-0060,SNOOK,2,0,2,34.2,27.11037,-97.20914,09:30:00
c-0060-06,t-0060,TARPON,8,5,3,29.8,27.04727,-97.38627,16:45:00
c-0061-00,t-0061,TARPON,9,6,3,43.2,26.40124,-97.47973,11:15:00
c-0061-01,t-0061,SNOOK,7,0,7,81.4,26.42869,-96.48538,08:45:00
c-0061-02,t-0061,COBIA,12,3,9,47.8,27.36207,-97.02233,16:00:00
c-0061-03,t-0061,SHARK,9,2,7,52.6,27.3279,-96.201,12:00:00
c-0061-04,t-0061,FLOUNDER,9,5,4,58.9,26.60341,-96.07473,11:00:00
c-0061-05,t-0061,SNOOK,10,2,8,90.6,26.80023,-96.10896,09:00:00
c-0062-00,t-0062,FLOUNDER,10,2,8,58.4,26.32512,-97.02307,07:45:00
c-0062-01,t-0062,FLOUNDER,11,2,9,36.7,27.46165,-96.41313,09:15:00
c-0062-02,t-0062,SHARK,10,0,10,115.2,26.43033,-96.11603,12:15:00
c-0062-03,t-0062,SNOOK,9,8,1,69.5,26.4488,-97.03211,15:45:00
c-0062-04,t-0062,RED_SNAPPER,8,2,6,76.5,26.95595,-96.12022,08:30:00
c-0062-05,t-0062,TARPON,5,1,4,76.6,26.0752,-97.35031,12:00:00
c-0062-06,t-0062,FLOUNDER,9,5,4,102.3,27.31724,-97.26422,05:45:00
c-0063-00,t-0063,COBIA,8,1,7,41.0,26.80173,-96.16654,16:30:00
c-0063-01,t-0063,FLOUNDER,7,2,5,33.9,27.98041,-96.57948,08:15:00
c-0063-02,t-0063,FLOUNDER,9,4,5,73.9,27.85251,-96.65985,10:30:00
c-0063-03,t-0063,COBIA,9,1,8,116.3,26.66547,-97.26531,11:00:00
c-0064-00,t-0064,SNOOK,7,4,3,113.6,27.82758,-96.26223,10:45:00
c-0064-01,t-0064,SNOOK,1,0,1,117.2,28.18558,-97.14542,15:30:00
c-0064-02,t-0064,TARPON,7,3,4,102.5,27.95524,-96.20864,12:30:00
c-0064-03,t-0064,COBIA,9,9,0,76.6,26.74259,-97.23281,12:30:00
c-0064-04,t-0064,SNOOK,1,0,1,98.4,28.05656,-96.27549,12:00:00
c-0064-05,t-0064,RED_SNAPPER,8,7,1,119.2,26.28575,-96.0847,11:15:00
c-0064-06,t-0064,COBIA,11,4,7,107.4,28.2901,-95.98119,09:00:00
c-0065-00,t-0065,SNOOK,4,3,1,29.1,26.70267,-96.40112,06:00:00
c-0065-01,t-0065,FLOUNDER,10,3,7,88.0,26.49087,-97.64412,05:00:00
c-0065-02,t-0065,TARPON,7,2,5,27.1,27.59987,-96.16578,11:00:00
c-0065-03,t-0065,SHARK,6,2,4,33.7,27.68076,-97.59515,07:15:00
c-0065-04,t-0065,COBIA,10,10,0,64.0,26.15735,-96.67342,16:15:00
c-0065-05,t-0065,COBIA,7,7,0,28.7,27.44458,-97.49725,06:15:00
c-0065-06,t-0065,TARPON,7,5,2,51.5,27.73062,-96.62085,07:15:00
c-0066-00,t-0066,TARPON,4,3,1,31.3,26.90103,-96.50766,12:00:00
c-0066-01,t-0066,COBIA,6,2,4,58.7,27.21506,-95.84461,14:45:00
c-0066-02,t-0066,RED_SNAPPER,8,1,7,78.7,26.84045,-96.43412,05:30:00
c-0066-03,t-0066,SNOOK,7,4,3,91.3,26.49621,-95.95484,11:45:00
c-0066-04,t-0066,FLOUNDER,9,8,1,35.3,27.61416,-97.63514,06:30:00
c-0066-05,t-0066,TARPON,3,2,1,78.6,26.18175,-95.95815,15:00:00
c-0066-06,t-0066,COBIA,4,0,4,28.6,26.71339,-96.92503,11:00:00
c-0067-00,t-0067,COBIA,9,4,5,57.2,27.14175,-97.10659,16:30:00
c-0067-01,t-0067,TARPON,1,1,0,47.2,27.68575,-97.56389,06:30:00
c-0067-02,t-0067,TARPON,2,1,1,71.1,27.63834,-96.6467,05:45:00
c-0068-00,t-0068,RED_SNAPPER,1,0,1,67.2,27.70379,-97.79486,11:15:00
c-0068-01,t-0068,COBIA,1,1,0,52.2,26.41161,-95.87932,11:30:00
c-0068-02,t-0068,FLOUNDER,6,0,6,87.3,26.62389,-97.64423,05:15:00
c-0069-00,t-0069,FLOUNDER,4,2,2,98.5,27.27211,-97.78406,16:15:00
c-0069-01,t-0069,SNOOK,8,3,5,110.0,27.06703,-96.61662,08:15:00
c-0070-00,t-0070,SNOOK,1,0,1,48.0,28.26117,-96.96037,05:15:00
c-0070-01,t-0070,TARPON,12,5,7,117.5,28.06376,-96.76048,06:00:00
c-0070-02,t-0070,FLOUNDER,7,1,6,76.8,27.16248,-96.52557,11:15:00
c-0070-03,t-0070,TARPON,6,6,0,90.1,26.54457,-97.27802,16:30:00
c-0070-04,t-0070,COBIA,2,0,2,98.0,26.73153,-97.25609,14:00:00
c-0070-05,t-0070,TARPON,8,5,3,32.1,26.35744,-97.47125,10:15:00
c-0071-00,t-0071,COBIA,10,0,10,103.6,26.69969,-96.39059,10:15:00
c-0071-01,t-0071,FLOUNDER,6,3,3,24.9,26.20979,-97.30356,09:30:00
c-0071-02,t-0071,FLOUNDER,7,7,0,94.8,27.88621,-97.45226,08:00:00
c-0071-03,t-0071,RED_SNAPPER,3,0,3,26.2,27.0627,-96.19221,08:15:00
c-0071-04,t-0071,SNOOK,11,10,1,28.4,26.45571,-96.99884,14:30:00
c-0071-05,t-0071,SNOOK,2,0,2,64.3,28.11009,-97.65003,07:00:00
c-0071-06,t-0071,RED_SNAPPER,6,0,6,114.2,28.08168,-96.14129,05:15:00
c-0072-00,t-0072,TARPON,5,2,3,108.3,26.81407,-95.98339,05:15:00
c-0072-01,t-0072,RED_SNAPPER,9,7,2,28.8,27.48874,-96.80222,11:15:00
c-0072-02,t-0072,SNOOK,9,3,6,119.4,26.96424,-96.51469,13:00:00
c-0073-00,t-0073,FLOUNDER,6,6,0,120.0,27.8599,-96.85663,07:00:00
c-0073-01,t-0073,COBIA,9,0,9,77.6,26.57007,-97.31769,11:30:00
c-0074-00,t-0074,FLOUNDER,10,2,8,114.8,27.61129,-95.90488,12:30:00
c-0074-01,t-0074,FLOUNDER,1,0,1,41.9,26.40378,-97.72407,13:45:00
c-0074-02,t-0074,SHARK,4,1,3,91.7,26.00157,-95.96421,10:00:00
c-0074-03,t-0074,FLOUNDER,3,0,3,106.1,26.0504,-96.62678,06:30:00
c-0074-04,t-0074,SHARK,10,1,9,50.2,27.62044,-96.47572,07:15:00
c-0074-05,t-0074,SNOOK,11,7,4,51.7,27.68441,-96.92626,16:30:00
c-0074-06,t-0074,SHARK,3,3,0,93.4,26.51345,-96.6221,09:15:00
c-0075-00,t-0075,SNOOK,3,2,1,27.8,27.30077,-95.92662,10:30:00
c-0075-01,t-0075,SNOOK,2,2,0,83.9,26.38614,-96.02936,10:45:00
c-0075-02,t-0075,SHARK,12,1,11,45.7,26.02621,-97.38063,06:00:00
c-0075-03,t-0075,TARPON,7,2,5,69.3,26.11074,-96.92356,11:30:00
c-0075-04,t-0075,COBIA,8,3,5,65.1,27.25586,-97.59714,05:30:00
c-0075-05,t-0075,SHARK,2,0,2,37.0,26.04618,-97.27774,11:15:00
c-0075-06,t-0075,FLOUNDER,2,1,1,118.5,27.68357,-96.70591,12:00:00
c-0076-00,t-0076,FLOUNDER,1,1,0,75.0,26.6475,-97.3249,12:15:00
c-0076-01,t-0076,SNOOK,2,1,1,82.5,26.12536,-97.79237,12:15:00
c-0076-02,t-0076,RED_SNAPPER,11,4,7,67.4,26.22307,-97.38609,06:30:00
c-0076-03,t-0076,RED_SNAPPER,11,4,7,84.2,27.80522,-96.85811,11:15:00
c-0076-04,t-0076,RED_SNAPPER,3,3,0,46.3,26.85335,-97.03711,12:30:00
c-0076-05,t-0076,SNOOK,1,0,1,86.7,26.52036,-97.26288,06:30:00
c-0076-06,t-0076,FLOUNDER,10,3,7,26.1,27.85881,-96.97203,11:45:00
c-0077-00,t-0077,FLOUNDER,10,10,0,34.7,27.31381,-96.76637,12:15:00
c-0077-01,t-0077,COBIA,4,1,3,24.3,28.18284,-97.46567,06:45:00
c-0077-02,t-0077,SHARK,3,2,1,111.1,26.46441,-96.15487,06:00:00
c-0077-03,t-0077,SHARK,6,6,0,72.0,26.89263,-97.00529,05:45:00
c-0077-04,t-0077,FLOUNDER,10,9,1,95.8,26.25879,-97.50072,06:00:00
c-0077-05,t-0077,SHARK,5,4,1,107.8,27.29417,-97.59802,09:45:00
c-0078-00,t-0078,TARPON,7,0,7,109.0,27.42196,-96.43837,10:15:00
c-0078-01,t-0078,RED_SNAPPER,5,2,3,53.8,26.11337,-96.84956,09:30:00
c-0078-02,t-0078,RED_SNAPPER,12,10,2,117.2,26.6448,-96.81676,08:15:00
c-0079-00,t-0079,RED_SNAPPER,9,2,7,51.1,27.99453,-96.15797,13:45:00
c-0079-01,t-0079,COBIA,10,0,10,39.3,26.31199,-96.09741,08:00:00
c-0079-02,t-0079,COBIA,6,5,1,47.4,26.57383,-96.8871,12:45:00
c-0079-03,t-0079,SHARK,1,0,1,68.9,27.46144,-97.55225,12:15:00
c-0079-04,t-0079,SHARK,9,5,4,36.4,28.2092,-96.85084,09:00:00
c-0079-05,t-0079,COBIA,3,1,2,84.7,26.65566,-97.02687,15:15:00
c-0080-00,t-0080,SNOOK,10,4,6,116.7,27.84199,-97.35246,15:30:00
c-0080-01,t-0080,SHARK,6,3,3,41.8,26.97476,-97.04705,09:45:00
c-0080-02,t-0080,FLOUNDER,11,5,6,84.7,27.34432,-97.7853,14:30:00
c-0080-03,t-0080,SHARK,2,1,1,84.1,26.68649,-97.58379,09:30:00
c-0080-04,t-0080,COBIA,11,4,7,35.0,27.50908,-95.89562,08:00:00
c-0080-05,t-0080,SNOOK,10,6,4,52.0,27.85249,-96.19527,07:00:00
c-0081-00,t-0081,SNOOK,9,7,2,55.8,27.67106,-97.35527,09:15:00
c-0081-01,t-0081,RED_SNAPPER,3,2,1,67.1,27.93347,-96.04701,16:30:00
c-0081-02,t-0081,SNOOK,3,2,1,28.9,27.66793,-96.68194,10:15:00
c-0081-03,t-0081,SHARK,6,2,4,78.6,27.71168,-97.18583,12:00:00
c-0082-00,t-0082,SHARK,8,2,6,106.2,26.78814,-95.82562,07:00:00
c-0082-01,t-0082,SNOOK,3,2,1,25.8,27.12144,-96.53793,12:30:00
c-0082-02,t-0082,TARPON,10,2,8,98.5,26.48158,-96.25292,06:15:00
c-0083-00,t-0083,FLOUNDER,1,1,0,39.1,27.2277,-96.33868,15:00:00
c-0083-01,t-0083,SHARK,12,5,7,32.9,27.44138,-97.30235,11:30:00
c-0084-00,t-0084,SHARK,6,3,3,95.0,28.04234,-95.80906,07:45:00
c-0084-01,t-0084,SNOOK,3,1,2,22.2,26.04399,-97.35136,13:15:00
c-0084-02,t-0084,SNOOK,1,1,0,45.6,26.28327,-96.37778,13:00:00
c-0084-03,t-0084,RED_SNAPPER,2,2,0,24.8,27.36603,-97.70408,06:45:00
c-0084-04,t-0084,SNOOK,5,3,2,35.3,27.02192,-97.55281,16:00:00
c-0085-00,t-0085,COBIA,5,4,1,55.8,27.1448,-96.582,11:30:00
c-0085-01,t-0085,SHARK,4,3,1,43.5,26.36886,-96.70372,05:00:00
c-0086-00,t-0086,TARPON,11,3,8,118.9,27.66423,-95.99044,09:30:00
c-0086-01,t-0086,SHARK,3,0,3,56.0,27.06784,-97.60038,15:30:00
c-0086-02,t-0086,COBIA,1,0,1,86.3,26.97979,-97.5682,07:30:00
c-0086-03,t-0086,SNOOK,10,4,6,29.3,26.82231,-96.92457,10:15:00
c-0086-04,t-0086,TARPON,8,4,4,89.0,26.26181,-96.9995,12:45:00
c-0086-05,t-0086,SNOOK,2,0,2,92.6,27.49235,-96.20618,07:00:00
c-0086-06,t-0086,TARPON,10,10,0,38.1,26.95686,-96.6185,11:30:00
c-0087-00,t-0087,SNOOK,1,0,1,107.3,26.14567,-96.49005,13:00:00
c-0087-01,t-0087,SNOOK,8,5,3,87.6,26.99555,-96.3467,11:15:00
c-0088-00,t-0088,FLOUNDER,1,0,1,84.3,26.55405,-95.85971,11:15:00
c-0088-01,t-0088,RED_SNAPPER,10,7,3,105.7,26.18131,-96.91162,12:30:00
c-0088-02,t-0088,RED_SNAPPER,11,0,11,60.3,26.27303,-96.80525,05:00:00
c-0088-03,t-0088,SHARK,10,10,0,109.0,27.89959,-96.21643,13:15:00
c-0089-00,t-0089,SNOOK,8,5,3,65.3,27.28835,-96.56048,06:15:00
c-0089-01,t-0089,FLOUNDER,11,4,7,72.2,26.00505,-97.08972,16:00:00
c-0089-02,t-0089,RED_SNAPPER,3,3,0,45.4,26.10529,-97.47169,08:15:00
c-0089-03,t-0089,COBIA,4,3,1,91.7,26.27772,-96.09561,06:45:00
c-0090-00,t-0090,FLOUNDER,7,7,0,98.1,27.69329,-96.69355,07:15:00
c-0090-01,t-0090,FLOUNDER,7,5,2,108.1,27.68014,-97.54324,11:15:00
c-0090-02,t-0090,COBIA,5,3,2,33.8,26.62927,-95.87281,14:30:00
c-0090-03,t-0090,SNOOK,6,5,1,113.6,27.93907,-96.70439,15:15:00
c-0090-04,t-0090,SHARK,5,5,0,112.1,26.46204,-96.55166,07:15:00
c-0090-05,t-0090,RED_SNAPPER,6,5,1,96.1,27.15895,-96.41138,13:45:00
c-0091-00,t-0091,SHARK,5,5,0,34.6,26.61405,-96.22894,05:30:00
c-0091-01,t-0091,TARPON,6,6,0,30.2,26.4692,-96.71766,15:15:00
c-0091-02,t-0091,SNOOK,4,4,0,48.8,27.70755,-96.67746,15:00:00
c-0092-00,t-0092,SNOOK,8,3,5,90.5,26.57808,-96.55888,15:30:00
c-0092-01,t-0092,SNOOK,10,3,7,116.4,27.73675,-96.70677,09:45:00
c-0092-02,t-0092,SNOOK,3,1,2,71.4,26.40808,-96.43468,11:00:00
c-0092-03,t-0092,FLOUNDER,3,1,2,104.6,26.98557,-96.6868,05:30:00
c-0092-04,t-0092,SHARK,1,0,1,79.7,27.07256,-95.92501,15:30:00
c-0092-05,t-0092,SNOOK,6,0,6,51.8,27.12827,-96.65465,08:15:00
c-0092-06,t-0092,FLOUNDER,3,3,0,73.7,27.19739,-96.22748,06:30:00
c-0093-00,t-0093,SNOOK,1,0,1,54.6,27.89448,-95.83773,08:15:00
c-0093-01,t-0093,RED_SNAPPER,6,3,3,58.6,28.20546,-96.4349,13:30:00
c-0093-02,t-0093,FLOUNDER,6,4,2,64.6,26.05682,-96.76626,05:30:00
c-0093-03,t-0093,RED_SNAPPER,9,1,8,36.7,28.06605,-97.41498,13:00:00
c-0093-04,t-0093,SNOOK,11,3,8,62.4,27.44195,-97.37844,06:15:00
c-0093-05,t-0093,TARPON,12,12,0,84.7,27.23683,-96.39451,06:15:00
c-0094-00,t-0094,SHARK,7,6,1,21.7,26.93756,-96.89775,15:00:00
c-0094-01,t-0094,SNOOK,10,1,9,78.6,27.23012,-96.51715,16:00:00
c-0094-02,t-0094,SHARK,5,5,0,80.7,26.82271,-96.79433,09:45:00
c-0094-03,t-0094,COBIA,1,1,0,73.3,26.87725,-96.15576,07:45:00
c-0095-00,t-0095,SHARK,7,1,6,41.0,26.09608,-96.65456,16:30:00
c-0095-01,t-0095,COBIA,9,2,7,38.4,26.48699,-95.98874,14:30:00
c-0096-00,t-0096,TARPON,12,9,3,115.2,26.15493,-97.6036,10:15:00
c-0096-01,t-0096,RED_SNAPPER,5,4,1,110.0,27.54398,-97.33093,10:45:00
c-0096-02,t-0096,FLOUNDER,5,5,0,35.2,27.03649,-96.56732,14:30:00
c-0096-03,t-0096,SHARK,3,0,3,44.6,27.85771,-95.88268,08:45:00
c-0096-04,t-0096,SHARK,11,11,0,107.8,26.63636,-97.08103,12:45:00
c-0096-05,t-0096,COBIA,9,1,8,84.6,26.82511,-97.18906,06:30:00
c-0096-06,t-0096,SHARK,9,3,6,93.4,27.97504,-97.52,15:00:00
c-0097-00,t-0097,SNOOK,4,4,0,105.7,27.78295,-97.06836,07:45:00
c-0097-01,t-0097,RED_SNAPPER,6,4,2,86.3,27.15258,-97.61889,14:15:00
c-0097-02,t-0097,FLOUNDER,3,1,2,114.9,27.74157,-97.51926,15:15:00
c-0097-03,t-0097,COBIA,6,0,6,96.1,27.69262,-96.83299,08:00:00
c-0097-04,t-0097,FLOUNDER,11,3,8,110.8,26.60802,-97.33196,10:45:00
c-0097-05,t-0097,SNOOK,1,0,1,52.4,27.08025,-96.89071,16:30:00
c-0097-06,t-0097,COBIA,9,9,0,57.7,27.92021,-97.27337,11:30:00
c-0098-00,t-0098,FLOUNDER,8,0,8,108.2,27.87964,-97.10994,12:15:00
c-0098-01,t-0098,COBIA,5,1,4,38.7,26.52898,-96.77092,10:00:00
c-0098-02,t-0098,RED_SNAPPER,6,5,1,68.2,27.52055,-96.97077,12:45:00
c-0098-03,t-0098,COBIA,7,0,7,24.3,26.48462,-97.47751,14:15:00
c-0099-00,t-0099,RED_SNAPPER,10,10,0,107.9,28.20395,-96.60128,16:30:00
c-0099-01,t-0099,TARPON,10,7,3,37.1,28.17868,-97.36681,11:15:00
c-0099-02,t-0099,COBIA,3,2,1,92.4,27.82762,-96.15909,10:45:00
c-0099-03,t-0099,COBIA,7,6,1,30.9,27.37203,-97.66231,08:45:00
c-0099-04,t-0099,FLOUNDER,3,3,0,80.0,27.90098,-96.58898,13:00:00
c-0099-05,t-0099,RED_SNAPPER,10,8,2,109.7,26.21434,-96.48121,15:45:00
c-0100-00,t-0100,RED_SNAPPER,5,1,4,90.9,27.37607,-96.71254,05:00:00
c-0100-01,t-0100,TARPON,4,2,2,56.2,27.19545,-97.04994,07:45:00
c-0100-02,t-0100,FLOUNDER,9,6,3,56.6,27.49862,-97.29273,09:45:00
c-0100-03,t-0100,COBIA,9,7,2,57.0,27.73644,-96.97354,13:45:00
c-0101-00,t-0101,FLOUNDER,2,0,2,60.1,27.80115,-95.90151,10:00:00
c-0101-01,t-0101,COBIA,1,0,1,67.2,26.3697,-95.87086,14:45:00
c-0101-02,t-0101,FLOUNDER,6,0,6,23.8,26.20272,-97.27382,11:45:00
c-0101-03,t-0101,RED_SNAPPER,12,9,3,114.6,27.41212,-96.75799,07:45:00
c-0101-04,t-0101,SHARK,11,8,3,39.5,27.00964,-97.39659,14:15:00
c-0102-00,t-0102,SNOOK,7,5,2,59.5,26.19974,-97.24813,14:15:00
c-0102-01,t-0102,FLOUNDER,2,0,2,48.4,27.19081,-96.32615,13:30:00
c-0102-02,t-0102,COBIA,4,4,0,65.5,26.79919,-96.16897,11:00:00
c-0103-00,t-0103,TARPON,6,6,0,88.2,27.29529,-96.26007,14:00:00
c-0103-01,t-0103,SNOOK,7,3,4,90.1,27.10853,-97.28436,10:45:00
c-0103-02,t-0103,COBIA,1,1,0,48.7,28.19753,-96.76699,11:30:00
c-0103-03,t-0103,SHARK,8,5,3,41.9,26.17487,-95.93721,14:30:00
c-0103-04,t-0103,SNOOK,4,3,1,40.0,26.4204,-96.30769,16:15:00
c-0104-00,t-0104,SNOOK,2,2,0,69.3,27.79156,-97.56024,05:00:00
c-0104-01,t-0104,FLOUNDER,6,3,3,106.9,27.95042,-97.05761,12:15:00
c-0104-02,t-0104,COBIA,5,3,2,95.0,28.26411,-95.96799,07:00:00
c-0105-00,t-0105,RED_SNAPPER,12,0,12,87.4,27.60596,-96.87986,11:00:00
c-0105-01,t-0105,FLOUNDER,5,1,4,46.3,26.7485,-96.57444,09:45:00
c-0106-00,t-0106,SNOOK,4,0,4,47.0,26.30162,-96.64821,08:45:00
c-0106-01,t-0106,TARPON,12,2,10,100.6,27.96951,-97.40787,07:45:00
c-0106-02,t-0106,FLOUNDER,11,8,3,92.1,27.14908,-95.80888,12:30:00
c-0106-03,t-0106,RED_SNAPPER,1,1,0,89.1,26.57724,-96.083,05:15:00
c-0106-04,t-0106,TARPON,11,1,10,94.5,27.87178,-96.84692,09:30:00
c-0106-05,t-0106,RED_SNAPPER,5,2,3,61.2,26.82871,-96.68502,10:15:00
c-0107-00,t-0107,TARPON,10,4,6,83.2,27.02794,-97.64318,07:15:00
c-0107-01,t-0107,RED_SNAPPER,7,6,1,27.9,27.47334,-95.94287,10:15:00
c-0107-02,t-0107,FLOUNDER,12,4,8,84.5,26.72101,-96.49397,09:45:00
c-0107-03,t-0107,FLOUNDER,12,9,3,116.6,27.79624,-95.92246,11:15:00
c-0107-04,t-0107,SNOOK,12,3,9,45.2,26.42294,-97.7538,16:00:00
c-0107-05,t-0107,TARPON,2,0,2,74.8,26.48431,-97.00591,05:45:00
c-0107-06,t-0107,FLOUNDER,2,1,1,35.5,27.20516,-95.80797,15:45:00
c-0108-00,t-0108,TARPON,6,6,0,66.7,27.52616,-96.07926,13:30:00
c-0108-01,t-0108,COBIA,12,8,4,79.1,27.26165,-97.52977,12:45:00
c-0109-00,t-0109,TARPON,12,7,5,50.0,26.65955,-96.7298,11:30:00
c-0109-01,t-0109,COBIA,9,5,4,61.2,27.37311,-96.20647,13:45:00
c-0109-02,t-0109,TARPON,12,10,2,102.8,26.90793,-97.47346,08:30:00
c-0109-03,t-0109,SNOOK,9,9,0,88.5,26.18218,-96.54935,09:30:00
c-0110-00,t-0110,COBIA,6,0,6,25.0,27.61109,-96.81601,13:00:00
c-0110-01,t-0110,SNOOK,5,1,4,63.8,26.42766,-97.59545,05:15:00
c-0110-02,t-0110,TARPON,4,2,2,51.2,26.20745,-97.77055,12:30:00
c-0110-03,t-0110,COBIA,6,0,6,25.6,27.06647,-96.21715,11:00:00
c-0111-00,t-0111,SNOOK,8,3,5,119.5,26.57261,-96.25755,08:45:00
c-0111-01,t-0111,TARPON,11,3,8,58.9,27.69124,-97.61208,09:30:00
c-0111-02,t-0111,FLOUNDER,12,8,4,32.2,26.36481,-96.34353,12:30:00
c-0111-03,t-0111,RED_SNAPPER,11,3,8,43.6,26.45706,-96.02496,11:30:00
c-0111-04,t-0111,TARPON,10,1,9,98.9,26.03466,-96.21122,05:00:00
c-0111-05,t-0111,COBIA,12,9,3,57.1,27.33648,-96.4185,06:15:00
c-0111-06,t-0111,SNOOK,10,5,5,26.0,26.36271,-97.6172,10:15:00
c-0112-00,t-0112,TARPON,5,0,5,90.7,26.86887,-96.3512,13:30:00
c-0112-01,t-0112,FLOUNDER,10,2,8,54.8,27.24829,-96.81982,16:45:00
c-0112-02,t-0112,RED_SNAPPER,9,2,7,73.1,26.63325,-96.1373,12:30:00
c-0112-03,t-0112,SNOOK,8,0,8,70.6,27.88466,-96.71679,16:15:00
c-0112-04,t-0112,FLOUNDER,6,6,0,43.9,28.03074,-96.56053,16:00:00
c-0112-05,t-0112,FLOUNDER,7,3,4,88.3,27.51407,-96.72209,13:15:00
c-0112-06,t-0112,RED_SNAPPER,11,5,6,29.6,27.40999,-97.1548,15:00:00
c-0113-00,t-0113,FLOUNDER,7,7,0,82.4,26.07318,-96.5165,14:30:00
c-0113-01,t-0113,RED_SNAPPER,12,1,11,113.0,26.1129,-97.35855,08:45:00
c-0114-00,t-0114,RED_SNAPPER,2,1,1,114.5,26.61138,-97.71869,13:00:00
c-0114-01,t-0114,COBIA,7,3,4,72.6,26.23282,-97.33796,08:15:00
c-0114-02,t-0114,SNOOK,12,1,11,77.7,27.28437,-96.68372,15:45:00
c-0114-03,t-0114,COBIA,2,0,2,75.0,27.61587,-96.94585,13:30:00
c-0114-04,t-0114,SHARK,10,7,3,110.2,27.51232,-96.7322,13:30:00
c-0114-05,t-0114,SNOOK,11,6,5,52.3,27.94316,-96.97531,08:15:00
c-0115-00,t-0115,RED_SNAPPER,4,2,2,97.2,26.01511,-95.83121,16:30:00
c-0115-01,t-0115,COBIA,10,9,1,29.4,28.11396,-96.77746,12:30:00
c-0115-02,t-0115,COBIA,10,3,7,45.6,26.35905,-97.27002,09:00:00
c-0115-03,t-0115,SNOOK,4,0,4,52.5,27.31212,-96.66187,12:15:00
c-0116-00,t-0116,COBIA,7,1,6,94.8,26.80024,-96.16572,14:00:00
c-0116-01,t-0116,FLOUNDER,1,1,0,24.1,27.45794,-96.53561,13:15:00
c-0116-02,t-0116,SNOOK,3,0,3,93.2,26.75171,-96.40446,11:45:00
c-0116-03,t-0116,TARPON,2,0,2,49.0,27.73153,-96.64949,11:15:00
c-0117-00,t-0117,COBIA,12,2,10,68.1,26.91661,-96.93102,08:45:00
c-0117-01,t-0117,SNOOK,9,9,0,72.4,26.90923,-96.65734,08:00:00
c-0118-00,t-0118,SNOOK,4,1,3,57.4,26.33538,-97.71024,16:00:00
c-0118-01,t-0118,SHARK,10,2,8,21.4,26.25846,-97.69092,16:00:00
c-0118-02,t-0118,SNOOK,6,1,5,73.8,26.70177,-96.85762,08:30:00
c-0118-03,t-0118,TARPON,3,0,3,78.3,27.26224,-96.55392,15:00:00
c-0118-04,t-0118,SHARK,4,4,0,25.3,26.58755,-97.67978,15:00:00
c-0118-05,t-0118,SHARK,11,10,1,106.4,26.15317,-96.47925,05:30:00
c-0119-00,t-0119,RED_SNAPPER,9,0,9,44.7,26.45741,-95.86642,13:30:00
c-0119-01,t-0119,SHARK,3,0,3,88.4,26.76721,-97.0132,10:30:00
c-0119-02,t-0119,RED_SNAPPER,9,4,5,82.6,26.54327,-95.84351,11:00:00
c-0120-00,t-0120,SNOOK,10,10,0,42.7,26.87908,-95.87879,08:15:00
c-0120-01,t-0120,TARPON,10,5,5,74.2,26.98087,-97.17523,08:15:00
c-0120-02,t-0120,SHARK,4,1,3,88.9,27.33637,-96.4319,13:15:00
c-0120-03,t-0120,SHARK,3,1,2,26.8,26.98915,-95.982,13:00:00
c-0120-04,t-0120,SHARK,3,0,3,108.0,26.42351,-96.12095,11:45:00
c-0120-05,t-0120,SHARK,11,11,0,35.2,26.6977,-96.30878,08:00:00
c-0120-06,t-0120,SHARK,10,9,1,80.6,26.30256,-97.7476,14:15:00
c-0121-00,t-0121,RED_SNAPPER,1,1,0,112.5,26.31628,-97.41348,11:15:00
c-0121-01,t-0121,COBIA,4,0,4,112.7,27.70744,-95.82351,12:45:00
c-0121-02,t-0121,TARPON,4,3,1,97.6,27.58208,-96.06645,14:45:00
c-0121-03,t-0121,FLOUNDER,12,9,3,73.6,27.65646,-97.0117,15:00:00
c-0121-04,t-0121,FLOUNDER,1,0,1,73.8,27.19749,-96.89678,16:00:00
c-0122-00,t-0122,SNOOK,10,0,10,71.7,27.0611,-96.95508,07:45:00
c-0122-01,t-0122,RED_SNAPPER,12,8,4,38.0,27.90876,-96.8966,14:15:00
c-0122-02,t-0122,TARPON,1,0,1,79.0,26.90405,-97.15308,16:15:00
c-0122-03,t-0122,SNOOK,6,5,1,110.7,28.02986,-97.61964,07:00:00
c-0123-00,t-0123,FLOUNDER,3,3,0,58.1,27.81945,-96.77667,07:30:00
c-0123-01,t-0123,COBIA,3,1,2,37.9,27.30063,-96.48094,16:00:00
c-0123-02,t-0123,SNOOK,8,4,4,38.1,26.96504,-97.18096,07:15:00
c-0123-03,t-0123,TARPON,1,1,0,105.5,26.00813,-96.26921,13:00:00
c-0123-04,t-0123,SNOOK,4,4,0,67.6,27.39836,-96.81307,11:45:00
c-0123-05,t-0123,SHARK,4,4,0,82.0,26.18263,-96.5998,13:15:00
c-0123-06,t-0123,RED_SNAPPER,11,5,6,34.5,26.11251,-97.50349,05:30:00
c-0124-00,t-0124,SHARK,2,1,1,56.9,27.33162,-95.93704,11:00:00
c-0124-01,t-0124,TARPON,2,1,1,33.5,27.74442,-96.11338,16:30:00
c-0124-02,t-0124,FLOUNDER,4,1,3,25.8,26.75718,-96.97248,14:00:00
c-0124-03,t-0124,TARPON,12,4,8,80.9,27.11242,-96.42269,10:30:00
c-0124-04,t-0124,FLOUNDER,6,1,5,76.3,27.2084,-95.80995,13:45:00
c-0124-05,t-0124,SNOOK,10,3,7,49.0,27.13276,-97.44019,08:00:00
c-0124-06,t-0124,COBIA,2,2,0,100.0,26.27188,-96.87023,11:45:00
c-0125-00,t-0125,SNOOK,1,0,1,53.3,26.69065,-96.70001,11:00:00
c-0125-01,t-0125,TARPON,6,5,1,111.6,27.9137,-97.41197,05:15:00
c-0125-02,t-0125,TARPON,9,5,4,98.4,27.10744,-96.5456,11:00:00
c-0125-03,t-0125,SHARK,12,10,2,75.5,27.92074,-97.20131,05:15:00
c-0126-00,t-0126,COBIA,10,6,4,79.5,27.22883,-97.46806,09:30:00
c-0126-01,t-0126,COBIA,2,1,1,57.2,27.63263,-97.25701,09:15:00
c-0126-02,t-0126,RED_SNAPPER,6,6,0,97.8,27.20773,-97.44997,06:45:00
c-0126-03,t-0126,COBIA,9,2,7,54.0,27.16379,-96.20195,12:30:00
c-0126-04,t-0126,SNOOK,2,2,0,119.3,27.78373,-97.51341,08:00:00
c-0126-05,t-0126,RED_SNAPPER,9,1,8,51.1,27.05655,-96.37265,05:00:00
c-0126-06,t-0126,SNOOK,2,2,0,94.6,26.76657,-96.02163,05:30:00
c-0127-00,t-0127,SNOOK,5,1,4,100.4,27.24782,-96.70127,14:15:00
c-0127-01,t-0127,TARPON,6,4,2,25.1,26.39393,-97.17724,05:45:00
c-0127-02,t-0127,RED_SNAPPER,7,0,7,62.6,28.07757,-97.69909,07:45:00
c-0128-00,t-0128,RED_SNAPPER,12,7,5,65.6,27.30592,-97.61417,15:45:00
c-0128-01,t-0128,SHARK,3,2,1,59.2,27.08226,-95.9051,16:30:00
c-0128-02,t-0128,RED_SNAPPER,8,7,1,26.5,27.81419,-96.03519,06:30:00
c-0128-03,t-0128,FLOUNDER,5,2,3,77.5,27.1009,-96.10847,13:00:00
c-0128-04,t-0128,FLOUNDER,2,1,1,84.9,26.93308,-96.37145,09:45:00
c-0129-00,t-0129,TARPON,10,6,4,76.7,26.78364,-96.17217,10:15:00
c-0129-01,t-0129,FLOUNDER,12,11,1,103.7,26.3981,-96.46079,06:45:00
c-0130-00,t-0130,RED_SNAPPER,10,10,0,95.7,26.50051,-97.52217,15:15:00
c-0130-01,t-0130,TARPON,10,9,1,39.6,27.04184,-97.21699,15:30:00
c-0131-00,t-0131,RED_SNAPPER,9,0,9,90.3,27.96076,-97.67518,10:00:00
c-0131-01,t-0131,SNOOK,4,3,1,79.0,27.98087,-96.06864,15:30:00
c-0131-02,t-0131,SNOOK,7,3,4,37.3,27.63708,-96.98793,07:15:00
c-0132-00,t-0132,SNOOK,12,7,5,63.7,26.16502,-97.76858,07:00:00
c-0132-01,t-0132,FLOUNDER,8,6,2,38.0,26.31561,-96.18812,13:45:00
c-0133-00,t-0133,FLOUNDER,1,0,1,68.3,28.1311,-96.6473,10:00:00
c-0133-01,t-0133,SNOOK,2,0,2,93.1,27.33462,-95.87652,09:45:00
c-0133-02,t-0133,COBIA,10,1,9,67.2,27.18898,-96.75329,16:00:00
c-0133-03,t-0133,FLOUNDER,10,4,6,25.3,27.57337,-96.72161,10:00:00
c-0133-04,t-0133,TARPON,8,5,3,55.3,27.0784,-96.77467,09:30:00
c-0134-00,t-0134,RED_SNAPPER,12,9,3,48.7,26.11873,-95.81927,06:15:00
c-0134-01,t-0134,COBIA,5,2,3,81.6,27.16287,-96.09711,09:30:00
c-0134-02,t-0134,SNOOK,3,1,2,64.7,26.03267,-97.5769,07:30:00
c-0134-03,t-0134,SHARK,3,0,3,118.4,27.79981,-97.32761,07:15:00
c-0134-04,t-0134,COBIA,7,6,1,86.1,27.92651,-96.29448,16:15:00
c-0134-05,t-0134,SNOOK,6,0,6,46.4,26.48497,-96.33128,06:00:00
c-0135-00,t-0135,FLOUNDER,5,1,4,107.0,27.57207,-97.01986,05:30:00
c-0135-01,t-0135,FLOUNDER,11,5,6,88.3,28.13261,-96.90236,05:00:00
c-0135-02,t-0135,SHARK,7,4,3,47.0,28.11074,-96.52515,06:30:00
c-0135-03,t-0135,COBIA,11,11,0,93.4,27.50499,-97.01769,14:15:00
c-0135-04,t-0135,FLOUNDER,3,2,1,21.1,27.19589,-96.44456,05:00:00
c-0136-00,t-0136,FLOUNDER,11,10,1,100.3,27.96981,-97.54019,07:00:00
c-0136-01,t-0136,SNOOK,8,1,7,65.3,27.6,-97.29333,09:45:00
c-0137-00,t-0137,COBIA,5,2,3,64.1,26.89376,-95.80808,12:15:00
c-0137-01,t-0137,COBIA,8,1,7,74.1,27.40369,-97.44312,11:15:00
c-0137-02,t-0137,RED_SNAPPER,8,4,4,23.5,27.41212,-97.5875,06:30:00
c-0137-03,t-0137,SNOOK,8,2,6,84.0,27.78765,-97.76247,05:45:00
c-0137-04,t-0137,FLOUNDER,7,0,7,90.8,26.6128,-96.39989,12:45:00
c-0138-00,t-0138,SHARK,10,8,2,53.3,27.88135,-96.83587,09:45:00
c-0138-01,t-0138,SHARK,11,1,10,73.5,26.12695,-95.80597,10:00:00
c-0138-02,t-0138,COBIA,5,5,0,37.7,27.93472,-96.27909,05:45:00
c-0138-03,t-0138,SNOOK,7,1,6,88.9,27.51969,-97.20226,12:00:00
c-0138-04,t-0138,RED_SNAPPER,4,1,3,39.3,28.03599,-96.92403,16:15:00
c-0138-05,t-0138,TARPON,9,4,5,73.4,27.12523,-97.67401,12:00:00
c-0138-06,t-0138,TARPON,12,0,12,31.8,26.0852,-97.68789,15:45:00
c-0139-00,t-0139,RED_SNAPPER,4,1,3,37.2,28.08651,-96.56326,05:30:00
c-0139-01,t-0139,FLOUNDER,10,2,8,26.4,27.8877,-97.60542,06:00:00
c-0139-02,t-0139,COBIA,4,0,4,62.6,27.14343,-96.20165,16:45:00
c-0139-03,t-0139,COBIA,10,8,2,52.2,26.74574,-95.84829,08:00:00
c-0139-04,t-0139,COBIA,2,1,1,95.8,27.3641,-97.12899,07:30:00
c-0140-00,t-0140,RED_SNAPPER,1,1,0,20.6,27.40862,-96.24468,07:00:00
c-0140-01,t-0140,SNOOK,5,3,2,100.7,27.6255,-96.61254,12:15:00
c-0140-02,t-0140,TARPON,9,7,2,43.9,26.47417,-96.52035,07:00:00
c-0140-03,t-0140,SNOOK,10,1,9,102.6,27.37143,-96.3656,09:30:00
c-0140-04,t-0140,FLOUNDER,4,0,4,117.7,26.96321,-96.68458,14:30:00
c-0140-05,t-0140,TARPON,9,3,6,97.0,27.98428,-95.82644,15:15:00
c-0140-06,t-0140,TARPON,3,3,0,37.6,26.63578,-97.41256,15:00:00
c-0141-00,t-0141,COBIA,9,2,7,98.5,26.24017,-97.69509,12:00:00
c-0141-01,t-0141,TARPON,8,5,3,39.9,26.16298,-97.3294,15:30:00
c-0142-00,t-0142,COBIA,10,7,3,58.7,28.04812,-97.51012,07:45:00
c-0142-01,t-0142,SHARK,5,1,4,32.7,27.65559,-96.53596,16:00:00
c-0143-00,t-0143,COBIA,11,9,2,77.8,27.38836,-96.22091,13:15:00
c-0143-01,t-0143,FLOUNDER,8,3,5,67.3,26.19889,-96.08605,12:30:00
c-0143-02,t-0143,SHARK,4,1,3,63.4,26.03336,-96.94378,08:15:00
c-0143-03,t-0143,RED_SNAPPER,7,0,7,119.1,28.10164,-96.0035,16:00:00
c-0144-00,t-0144,COBIA,12,6,6,33.3,27.28452,-97.77515,09:15:00
c-0144-01,t-0144,COBIA,8,4,4,90.3,27.48957,-97.61854,14:00:00
c-0145-00,t-0145,FLOUNDER,10,8,2,99.4,27.73164,-96.40389,15:00:00
c-0145-01,t-0145,RED_SNAPPER,1,1,0,31.1,27.42705,-97.12861,10:45:00
c-0145-02,t-0145,FLOUNDER,3,0,3,90.9,27.42401,-97.06886,08:15:00
c-0145-03,t-0145,TARPON,2,2,0,93.7,28.25688,-97.32273,14:15:00
c-0145-04,t-0145,SHARK,6,2,4,70.4,27.7323,-96.27823,11:30:00
c-0146-00,t-0146,TARPON,9,4,5,82.1,27.6326,-96.44338,15:00:00
c-0146-01,t-0146,TARPON,2,0,2,109.8,26.43321,-96.03204,09:00:00
c-0146-02,t-0146,TARPON,12,2,10,35.0,26.25154,-97.24811,08:00:00
c-0146-03,t-0146,TARPON,9,2,7,54.7,26.67429,-95.86085,12:00:00
c-0146-04,t-0146,SNOOK,4,4,0,53.6,26.67049,-97.6741,14:30:00
c-0147-00,t-0147,RED_SNAPPER,6,2,4,34.8,27.81532,-97.34644,09:45:00
c-0147-01,t-0147,COBIA,3,2,1,117.3,28.19929,-96.56274,16:15:00
c-0147-02,t-0147,COBIA,6,4,2,64.1,26.37089,-97.56617,10:15:00
c-0148-00,t-0148,TARPON,8,2,6,112.8,28.117,-96.99088,07:00:00
c-0148-01,t-0148,SNOOK,9,5,4,90.5,28.23135,-96.70771,12:30:00
c-0149-00,t-0149,RED_SNAPPER,11,8,3,50.8,27.10166,-97.71984,11:15:00
c-0149-01,t-0149,FLOUNDER,1,0,1,72.6,27.02574,-97.61504,09:15:00
c-0149-02,t-0149,FLOUNDER,8,1,7,59.4,26.05186,-96.72318,12:30:00
c-0149-03,t-0149,TARPON,1,1,0,34.8,27.3873,-96.77689,11:30:00
c-0149-04,t-0149,SHARK,6,2,4,117.8,26.88806,-97.77562,13:00:00
c-0149-05,t-0149,TARPON,12,6,6,48.9,26.4961,-96.02439,16:45:00
c-0149-06,t-0149,RED_SNAPPER,10,9,1,34.4,27.67579,-96.97161,09:45:00
c-0150-00,t-0150,SNOOK,9,7,2,76.8,28.10314,-96.97097,07:15:00
c-0150-01,t-0150,RED_SNAPPER,9,7,2,102.3,26.42781,-97.03646,09:30:00
c-0150-02,t-0150,RED_SNAPPER,4,0,4,35.4,27.13643,-96.32029,09:45:00
c-0150-03,t-0150,COBIA,5,3,2,69.2,26.28561,-96.46817,16:15:00
c-0150-04,t-0150,FLOUNDER,8,1,7,94.6,26.06542,-96.27056,14:45:00
c-0150-05,t-0150,TARPON,11,10,1,117.4,27.30082,-96.06331,06:30:00
c-0150-06,t-0150,FLOUNDER,5,1,4,25.9,27.17881,-96.64947,10:45:00
c-0151-00,t-0151,COBIA,2,2,0,74.4,26.44577,-96.54394,10:30:00
c-0151-01,t-0151,FLOUNDER,6,0,6,78.0,26.62436,-96.40406,07:00:00
c-0151-02,t-0151,SHARK,8,6,2,112.1,26.31498,-97.23716,07:00:00
c-0151-03,t-0151,FLOUNDER,4,4,0,89.0,26.50112,-96.79323,13:00:00
c-0151-04,t-0151,RED_SNAPPER,2,0,2,68.0,26.9599,-95.96794,09:30:00
c-0151-05,t-0151,SHARK,10,8,2,37.2,26.31973,-96.91612,09:00:00
c-0152-00,t-0152,RED_SNAPPER,12,12,0,27.8,26.2995,-97.64279,12:45:00
c-0152-01,t-0152,FLOUNDER,11,8,3,25.9,26.09779,-97.58437,06:30:00
c-0152-02,t-0152,RED_SNAPPER,1,0,1,112.0,26.09955,-97.19671,08:15:00
c-0153-00,t-0153,FLOUNDER,10,3,7,77.0,27.96682,-96.2384,06:00:00
c-0153-01,t-0153,FLOUNDER,5,1,4,20.4,27.21633,-96.36838,16:00:00
c-0153-02,t-0153,SHARK,12,7,5,89.8,28.12573,-95.95905,07:45:00
c-0154-00,t-0154,TARPON,8,1,7,48.4,27.66091,-97.6355,14:30:00
c-0154-01,t-0154,TARPON,4,4,0,49.1,27.58021,-96.11782,11:15:00
c-0154-02,t-0154,COBIA,8,5,3,21.3,27.97058,-96.01049,15:45:00
c-0154-03,t-0154,RED_SNAPPER,9,1,8,34.3,27.54582,-97.00726,11:00:00
c-0154-04,t-0154,SHARK,3,0,3,117.5,27.70529,-96.01514,10:15:00
c-0154-05,t-0154,TARPON,2,0,2,92.5,27.36841,-95.81868,09:30:00
c-0155-00,t-0155,SNOOK,8,3,5,114.2,26.24848,-97.29862,05:00:00
c-0155-01,t-0155,COBIA,8,0,8,58.3,27.69694,-96.13938,15:30:00
c-0155-02,t-0155,SNOOK,2,0,2,95.2,26.35129,-96.55607,12:45:00
c-0155-03,t-0155,SHARK,8,8,0,74.2,26.46444,-96.47581,13:00:00
c-0155-04,t-0155,TARPON,7,1,6,65.0,28.19094,-97.7368,11:45:00
c-0156-00,t-0156,SNOOK,2,2,0,69.1,26.71866,-97.02184,13:45:00
c-0156-01,t-0156,TARPON,9,0,9,46.3,27.0946,-96.0913,14:45:00
c-0156-02,t-0156,RED_SNAPPER,5,2,3,22.8,27.41896,-97.09447,05:15:00
c-0157-00,t-0157,FLOUNDER,11,4,7,28.5,27.52085,-97.30477,16:00:00
c-0157-01,t-0157,FLOUNDER,3,0,3,52.6,27.99856,-97.57106,12:45:00
c-0158-00,t-0158,RED_SNAPPER,2,1,1,89.1,27.31181,-97.15516,08:30:00
c-0158-01,t-0158,COBIA,11,5,6,81.5,27.14248,-96.17709,10:45:00
c-0158-02,t-0158,COBIA,2,2,0,48.7,26.46404,-96.52911,05:30:00
c-0158-03,t-0158,SNOOK,4,4,0,115.8,28.29132,-96.99595,16:00:00
c-0158-04,t-0158,TARPON,10,8,2,62.7,27.36129,-97.25327,10:00:00
c-0159-00,t-0159,COBIA,11,8,3,108.1,26.57791,-96.76926,15:15:00
c-0159-01,t-0159,SHARK,12,7,5,113.7,27.32674,-97.37409,13:45:00
c-0159-02,t-0159,SHARK,1,0,1,66.2,28.14966,-96.34677,08:15:00
c-0159-03,t-0159,SHARK,7,6,1,106.0,27.7168,-96.26894,06:15:00
c-0159-04,t-0159,COBIA,5,5,0,45.6,27.94572,-97.26613,14:15:00
c-0160-00,t-0160,FLOUNDER,5,5,0,37.6,26.62724,-97.74172,05:45:00
c-0160-01,t-0160,FLOUNDER,2,1,1,49.8,27.79914,-97.68935,06:45:00
c-0160-02,t-0160,SNOOK,2,1,1,104.3,28.06258,-96.45666,08:00:00
c-0161-00,t-0161,TARPON,7,3,4,41.8,26.75736,-96.63135,06:15:00
c-0161-01,t-0161,FLOUNDER,7,4,3,25.6,26.49245,-97.25091,13:30:00
c-0161-02,t-0161,TARPON,9,6,3,88.3,27.60912,-97.57408,09:15:00
c-0161-03,t-0161,SNOOK,5,0,5,116.7,26.8349,-96.36866,14:00:00
c-0162-00,t-0162,TARPON,7,0,7,112.8,27.99399,-96.08471,09:30:00
c-0162-01,t-0162,COBIA,4,2,2,105.9,26.20758,-96.15458,07:45:00
c-0162-02,t-0162,RED_SNAPPER,11,6,5,47.4,27.45211,-96.04107,06:45:00
c-0162-03,t-0162,TARPON,6,5,1,107.7,27.08351,-96.97408,06:15:00
c-0162-04,t-0162,FLOUNDER,6,3,3,92.9,27.60651,-96.78733,13:30:00
c-0162-05,t-0162,SNOOK,1,0,1,64.3,27.0425,-97.7453,15:15:00
c-0163-00,t-0163,TARPON,3,3,0,114.5,26.45693,-96.97101,14:15:00
c-0163-01,t-0163,SNOOK,9,9,0,42.9,26.04769,-97.75406,06:45:00
c-0163-02,t-0163,TARPON,3,0,3,81.8,26.45601,-96.39748,14:30:00
c-0163-03,t-0163,RED_SNAPPER,3,0,3,91.9,26.34328,-95.88393,11:45:00
c-0164-00,t-0164,FLOUNDER,7,3,4,41.6,27.71682,-97.03585,09:15:00
c-0164-01,t-0164,SHARK,3,0,3,117.6,26.96216,-96.98295,08:45:00
c-0164-02,t-0164,TARPON,11,10,1,28.6,28.08685,-97.06072,12:15:00
c-0164-03,t-0164,SNOOK,7,3,4,58.3,28.00432,-95.8512,11:30:00
c-0165-00,t-0165,RED_SNAPPER,10,0,10,45.4,28.16044,-95.86558,14:45:00
c-0165-01,t-0165,FLOUNDER,6,1,5,24.1,26.69577,-97.01061,07:30:00
c-0165-02,t-0165,COBIA,6,3,3,29.0,26.39069,-96.81432,16:45:00
c-0165-03,t-0165,TARPON,1,0,1,107.2,26.32613,-97.56632,09:30:00
c-0165-04,t-0165,SHARK,5,4,1,71.7,28.13035,-97.23415,11:15:00
c-0165-05,t-0165,RED_SNAPPER,3,3,0,38.9,26.72575,-95.81087,05:15:00
c-0166-00,t-0166,SHARK,3,0,3,29.4,27.13387,-96.10832,09:15:00
c-0166-01,t-0166,SNOOK,5,4,1,78.6,27.92039,-96.30013,14:00:00
c-0166-02,t-0166,COBIA,7,1,6,96.8,27.20984,-96.65842,15:00:00
c-0166-03,t-0166,RED_SNAPPER,11,10,1,59.4,28.04095,-97.74808,14:00:00
c-0166-04,t-0166,SNOOK,2,1,1,86.0,27.92505,-97.49245,12:30:00
c-0167-00,t-0167,FLOUNDER,1,0,1,115.2,27.84358,-97.23409,11:00:00
c-0167-01,t-0167,RED_SNAPPER,7,1,6,105.2,26.91737,-97.44398,07:45:00
c-0168-00,t-0168,FLOUNDER,2,1,1,40.0,27.38808,-97.08191,12:45:00
c-0168-01,t-0168,TARPON,7,1,6,101.1,27.09581,-96.67389,14:15:00
c-0168-02,t-0168,TARPON,1,1,0,87.6,26.99844,-96.94797,15:15:00
c-0168-03,t-0168,RED_SNAPPER,11,8,3,49.1,28.14054,-96.74544,11:00:00
c-0168-04,t-0168,SNOOK,3,1,2,110.3,28.08658,-96.84478,08:45:00
c-0168-05,t-0168,FLOUNDER,2,0,2,30.8,26.67961,-97.70454,11:45:00
c-0168-06,t-0168,SHARK,10,4,6,45.5,26.21731,-96.47829,06:00:00
c-0169-00,t-0169,COBIA,3,1,2,27.8,27.85802,-97.11733,14:30:00
c-0169-01,t-0169,RED_SNAPPER,9,0,9,59.5,28.00472,-97.58734,05:15:00
c-0169-02,t-0169,SHARK,7,7,0,81.8,27.50834,-96.87967,14:30:00
c-0169-03,t-0169,SHARK,11,6,5,28.8,27.58852,-95.87372,07:00:00
c-0169-04,t-0169,RED_SNAPPER,12,3,9,40.9,26.43884,-96.16806,15:15:00
c-0169-05,t-0169,COBIA,11,8,3,28.6,27.4944,-96.92842,12:15:00
c-0170-00,t-0170,COBIA,10,3,7,49.5,27.08443,-96.08041,11:00:00
c-0170-01,t-0170,TARPON,12,6,6,104.9,26.76786,-97.59467,16:30:00
c-0170-02,t-0170,SNOOK,9,9,0,81.1,26.08514,-97.00064,15:45:00
c-0170-03,t-0170,FLOUNDER,1,1,0,51.6,26.53338,-97.67859,06:30:00
c-0170-04,t-0170,TARPON,8,1,7,82.3,28.05362,-96.96573,15:30:00
c-0171-00,t-0171,FLOUNDER,11,5,6,105.3,27.16756,-96.62468,16:45:00
c-0171-01,t-0171,TARPON,12,6,6,103.3,26.30166,-97.21321,15:30:00
c-0171-02,t-0171,SHARK,3,1,2,89.1,27.83074,-96.20049,06:45:00
c-0172-00,t-0172,SHARK,1,0,1,63.1,27.90428,-96.01109,14:15:00
c-0172-01,t-0172,SHARK,5,2,3,96.9,26.27758,-97.35181,13:30:00
c-0172-02,t-0172,SNOOK,9,9,0,30.4,28.06153,-96.09318,05:45:00
c-0173-00,t-0173,SNOOK,6,1,5,49.2,27.44883,-96.05826,12:45:00
c-0173-01,t-0173,SHARK,11,5,6,101.9,27.68487,-97.60141,06:15:00
c-0173-02,t-0173,TARPON,1,0,1,54.1,27.00995,-96.9685,13:15:00
c-0174-00,t-0174,FLOUNDER,7,7,0,99.5,26.31739,-96.94235,10:00:00
c-0174-01,t-0174,FLOUNDER,12,12,0,114.4,27.01793,-96.2597,06:30:00
c-0174-02,t-0174,RED_SNAPPER,3,3,0,59.3,26.72405,-95.83611,05:15:00
c-0175-00,t-0175,COBIA,9,9,0,90.0,26.01818,-97.24044,12:15:00
c-0175-01,t-0175,TARPON,10,10,0,89.7,28.04143,-96.55128,15:45:00
c-0175-02,t-0175,FLOUNDER,2,0,2,53.4,27.78342,-96.03805,16:15:00
c-0175-03,t-0175,FLOUNDER,4,0,4,75.2,27.19708,-96.71842,13:30:00
c-0176-00,t-0176,SHARK,12,0,12,46.0,26.97232,-96.78945,13:30:00
c-0176-01,t-0176,SHARK,2,1,1,77.2,26.28477,-96.28688,05:45:00
c-0176-02,t-0176,FLOUNDER,12,9,3,91.5,26.77965,-97.32781,15:15:00
c-0176-03,t-0176,SNOOK,12,9,3,34.0,26.80578,-97.23093,11:15:00
c-0176-04,t-0176,TARPON,4,2,2,29.8,26.24202,-96.7671,16:45:00
c-0176-05,t-0176,COBIA,1,1,0,67.6,27.90541,-97.63611,12:00:00
c-0176-06,t-0176,FLOUNDER,10,8,2,97.9,26.84938,-96.74749,09:45:00
c-0177-00,t-0177,FLOUNDER,12,8,4,31.8,27.63565,-97.54123,08:45:00
c-0177-01,t-0177,RED_SNAPPER,9,5,4,80.2,27.08872,-96.30701,11:00:00
c-0177-02,t-0177,RED_SNAPPER,1,0,1,57.1,26.27799,-96.65647,10:30:00
c-0177-03,t-0177,FLOUNDER,3,1,2,62.2,26.67616,-97.74404,09:30:00
c-0177-04,t-0177,RED_SNAPPER,8,0,8,74.8,26.49584,-96.16175,06:00:00
c-0178-00,t-0178,RED_SNAPPER,12,5,7,100.0,27.53461,-97.50203,15:45:00
c-0178-01,t-0178,RED_SNAPPER,6,4,2,115.8,26.89064,-95.99951,12:30:00
c-0178-02,t-0178,FLOUNDER,12,0,12,83.0,27.48561,-96.06809,16:30:00
c-0178-03,t-0178,COBIA,9,1,8,115.5,27.2904,-97.55244,13:00:00
c-0178-04,t-0178,RED_SNAPPER,8,8,0,32.0,28.20177,-96.75649,13:15:00
c-0179-00,t-0179,TARPON,1,1,0,38.1,27.35445,-96.81705,05:30:00
c-0179-01,t-0179,COBIA,2,2,0,48.5,26.87863,-97.61795,07:30:00
c-0179-02,t-0179,RED_SNAPPER,7,2,5,81.4,27.7671,-97.49155,10:15:00
c-0179-03,t-0179,SHARK,7,1,6,34.2,26.06249,-97.683,10:30:00
c-0179-04,t-0179,COBIA,2,0,2,44.0,26.86368,-96.14452,14:15:00
c-0180-00,t-0180,RED_SNAPPER,7,3,4,46.9,26.93628,-96.83166,14:00:00
c-0180-01,t-0180,FLOUNDER,3,2,1,60.7,26.56653,-96.69059,06:15:00
c-0180-02,t-0180,COBIA,9,2,7,73.8,27.80063,-97.51527,11:45:00
c-0180-03,t-0180,SNOOK,10,4,6,117.2,26.09612,-96.17471,05:00:00
c-0180-04,t-0180,SNOOK,10,4,6,58.0,28.14707,-96.83563,10:15:00
c-0180-05,t-0180,SNOOK,1,0,1,73.4,27.34587,-96.77934,06:30:00
c-0181-00,t-0181,FLOUNDER,4,3,1,52.8,27.52324,-97.15672,16:15:00
c-0181-01,t-0181,RED_SNAPPER,8,0,8,87.3,27.48682,-97.7959,11:45:00
c-0181-02,t-0181,RED_SNAPPER,11,10,1,73.9,27.75367,-96.72374,15:45:00
c-0182-00,t-0182,COBIA,8,0,8,94.3,27.06419,-95.9275,09:30:00
c-0182-01,t-0182,SNOOK,11,4,7,42.1,26.44048,-96.16744,12:30:00
c-0183-00,t-0183,FLOUNDER,8,2,6,39.4,28.00081,-96.6618,16:15:00
c-0183-01,t-0183,SHARK,2,0,2,113.4,26.15033,-97.54351,08:30:00
c-0184-00,t-0184,SNOOK,5,0,5,71.8,26.99486,-95.80979,12:30:00
c-0184-01,t-0184,RED_SNAPPER,12,3,9,47.8,27.18969,-97.71307,11:45:00
c-0184-02,t-0184,FLOUNDER,6,0,6,100.8,26.72736,-97.01628,16:15:00
c-0184-03,t-0184,COBIA,2,0,2,36.4,28.24962,-96.95236,09:00:00
c-0185-00,t-0185,RED_SNAPPER,6,6,0,102.2,26.56845,-96.85285,13:15:00
c-0185-01,t-0185,RED_SNAPPER,10,7,3,82.5,28.17016,-96.2485,14:00:00
c-0185-02,t-0185,SHARK,1,1,0,109.0,26.19673,-97.67863,16:00:00
c-0185-03,t-0185,SHARK,8,0,8,81.1,27.80009,-97.676,11:00:00
c-0186-00,t-0186,TARPON,10,0,10,58.4,27.98854,-96.22505,11:00:00
c-0186-01,t-0186,FLOUNDER,1,1,0,52.8,26.78112,-95.92483,08:00:00
c-0186-02,t-0186,COBIA,2,2,0,110.4,26.23619,-96.60965,07:30:00
c-0187-00,t-0187,FLOUNDER,5,4,1,97.5,28.20741,-96.29125,07:45:00
c-0187-01,t-0187,FLOUNDER,6,0,6,78.6,26.70995,-97.1142,15:15:00
c-0187-02,t-0187,TARPON,9,0,9,54.4,26.13183,-96.78578,08:15:00
c-0187-03,t-0187,SNOOK,11,7,4,89.2,27.80611,-97.1169,12:30:00
c-0187-04,t-0187,SHARK,6,4,2,61.9,27.95962,-96.66781,07:00:00
c-0187-05,t-0187,COBIA,1,1,0,112.0,27.04489,-96.22162,15:15:00
c-0188-00,t-0188,RED_SNAPPER,1,1,0,27.4,26.92072,-96.14783,05:00:00
c-0188-01,t-0188,SHARK,11,9,2,24.4,26.32752,-96.91918,05:15:00
c-0188-02,t-0188,COBIA,5,5,0,54.0,26.455,-97.45171,13:15:00
c-0189-00,t-0189,SHARK,6,1,5,65.6,27.5062,-96.02998,10:30:00
c-0189-01,t-0189,SNOOK,10,6,4,26.5,27.52009,-95.91768,07:15:00
c-0189-02,t-0189,SHARK,7,5,2,80.0,27.82827,-97.41664,15:15:00
c-0189-03,t-0189,FLOUNDER,10,3,7,49.4,28.11833,-96.27384,07:30:00
c-0189-04,t-0189,FLOUNDER,5,1,4,116.8,26.56849,-96.54108,12:15:00
c-0190-00,t-0190,RED_SNAPPER,10,10,0,40.7,26.61717,-96.99811,08:45:00
c-0190-01,t-0190,TARPON,5,3,2,77.1,27.98529,-97.0082,10:30:00
c-0190-02,t-0190,TARPON,2,1,1,71.9,27.26627,-97.53134,08:00:00
c-0190-03,t-0190,TARPON,7,7,0,63.3,27.07008,-96.55775,10:45:00
c-0190-04,t-0190,COBIA,3,3,0,46.6,26.72915,-97.03526,06:30:00
c-0191-00,t-0191,SNOOK,6,1,5,52.9,26.82854,-96.70795,09:30:00
c-0191-01,t-0191,RED_SNAPPER,3,2,1,97.0,26.43848,-96.59193,09:30:00
c-0192-00,t-0192,FLOUNDER,4,4,0,98.6,27.66367,-97.38025,12:45:00
c-0192-01,t-0192,SNOOK,4,3,1,61.8,26.78352,-97.62825,12:45:00
c-0192-02,t-0192,SHARK,3,1,2,114.3,27.96177,-97.73979,05:45:00
c-0193-00,t-0193,FLOUNDER,10,10,0,111.4,28.24766,-95.81149,14:45:00
c-0193-01,t-0193,FLOUNDER,7,1,6,58.6,28.2544,-97.39159,12:00:00
c-0193-02,t-0193,RED_SNAPPER,11,4,7,37.1,26.75634,-95.87612,15:15:00
c-0194-00,t-0194,RED_SNAPPER,2,1,1,56.9,26.53599,-96.48086,05:15:00
c-0194-01,t-0194,RED_SNAPPER,7,2,5,32.9,26.75158,-95.98038,11:45:00
c-0194-02,t-0194,COBIA,4,1,3,51.0,27.70923,-97.02201,16:45:00
c-0195-00,t-0195,FLOUNDER,7,3,4,52.9,28.2795,-96.90854,14:45:00
c-0195-01,t-0195,SHARK,12,1,11,84.6,27.05847,-96.64773,12:30:00
c-0196-00,t-0196,COBIA,7,0,7,108.6,26.42192,-96.66277,07:30:00
c-0196-01,t-0196,SNOOK,11,1,10,92.7,28.02988,-96.72452,08:45:00
c-0196-02,t-0196,RED_SNAPPER,2,1,1,95.5,26.94594,-96.27628,13:30:00
c-0196-03,t-0196,RED_SNAPPER,4,4,0,66.2,26.94322,-97.47032,06:45:00
c-0196-04,t-0196,RED_SNAPPER,4,3,1,21.1,26.87666,-96.30809,06:15:00
c-0196-05,t-0196,RED_SNAPPER,8,7,1,28.3,26.75235,-96.30265,15:15:00
c-0196-06,t-0196,COBIA,8,4,4,37.1,27.64124,-96.92455,05:00:00
c-0197-00,t-0197,SNOOK,3,1,2,23.4,26.62848,-96.91868,15:15:00
c-0197-01,t-0197,SNOOK,11,8,3,86.3,27.01673,-97.70449,15:00:00
c-0197-02,t-0197,RED_SNAPPER,1,0,1,97.2,26.89842,-97.18335,08:15:00
c-0197-03,t-0197,TARPON,2,0,2,22.8,26.86168,-97.32292,05:30:00
c-0197-04,t-0197,RED_SNAPPER,2,0,2,99.7,27.88721,-96.44008,15:15:00
c-0197-05,t-0197,SHARK,9,1,8,52.3,27.66523,-97.71197,15:15:00
c-0197-06,t-0197,RED_SNAPPER,7,6,1,43.2,27.43675,-95.93135,06:30:00
c-0198-00,t-0198,FLOUNDER,5,5,0,56.9,26.50622,-96.48408,06:15:00
c-0198-01,t-0198,SNOOK,8,1,7,73.6,26.94552,-96.26491,14:15:00
c-0198-02,t-0198,SNOOK,6,5,1,58.9,26.57946,-97.61051,16:15:00
c-0198-03,t-0198,SNOOK,12,5,7,68.2,26.76371,-96.52929,10:00:00
c-0198-04,t-0198,FLOUNDER,7,3,4,78.7,27.39963,-96.62993,05:15:00
c-0199-00,t-0199,TARPON,12,9,3,93.9,27.47669,-97.32387,10:15:00
c-0199-01,t-0199,SNOOK,1,1,0,101.3,26.63969,-96.5128,05:15:00
c-0199-02,t-0199,FLOUNDER,4,1,3,25.4,27.94795,-97.13746,15:15:00
c-0200-00,t-0200,SNOOK,4,0,4,119.2,28.00069,-97.66003,08:15:00
c-0200-01,t-0200,FLOUNDER,4,1,3,27.8,26.21105,-96.61474,16:45:00
c-0201-00,t-0201,SHARK,11,3,8,106.2,26.65631,-96.90346,12:00:00
c-0201-01,t-0201,TARPON,7,2,5,64.1,28.18733,-97.08084,13:45:00
c-0201-02,t-0201,TARPON,8,0,8,62.7,27.74875,-96.16079,06:30:00
c-0201-03,t-0201,SHARK,12,2,10,58.0,27.36892,-97.4944,09:45:00
c-0202-00,t-0202,TARPON,6,3,3,112.6,27.98181,-96.33926,11:30:00
c-0202-01,t-0202,TARPON,10,1,9,108.5,26.88329,-97.18438,06:45:00
c-0203-00,t-0203,TARPON,11,6,5,93.6,27.58353,-96.40709,08:45:00
c-0203-01,t-0203,SNOOK,11,11,0,22.8,26.07937,-96.17375,15:15:00
c-0203-02,t-0203,SHARK,11,2,9,44.7,26.60106,-96.88906,14:15:00
c-0203-03,t-0203,TARPON,11,11,0,59.8,26.02838,-96.25806,14:00:00
c-0203-04,t-0203,TARPON,7,2,5,45.3,27.19264,-97.42235,09:45:00
c-0203-05,t-0203,RED_SNAPPER,12,1,11,83.6,27.34798,-96.33213,10:15:00
c-0203-06,t-0203,SNOOK,12,6,6,50.8,26.61875,-97.38095,07:45:00
c-0204-00,t-0204,TARPON,3,1,2,38.2,26.40572,-97.4272,06:45:00
c-0204-01,t-0204,SNOOK,4,0,4,38.3,27.30431,-97.37485,08:30:00
c-0204-02,t-0204,SNOOK,8,1,7,36.6,28.26078,-96.05677,09:00:00
c-0205-00,t-0205,RED_SNAPPER,10,0,10,41.1,27.72914,-97.78555,05:45:00
c-0205-01,t-0205,TARPON,5,3,2,95.7,27.38687,-95.82621,14:45:00
c-0205-02,t-0205,COBIA,6,2,4,114.1,26.77407,-96.43628,15:45:00
c-0205-03,t-0205,SHARK,6,6,0,100.6,26.8704,-97.68552,05:45:00
c-0206-00,t-0206,TARPON,8,8,0,86.0,27.03941,-96.42763,05:30:00
c-0206-01,t-0206,SNOOK,1,1,0,64.4,26.03825,-97.07959,14:45:00
c-0206-02,t-0206,TARPON,2,1,1,113.9,26.92038,-96.57482,12:00:00
c-0206-03,t-0206,FLOUNDER,4,1,3,107.6,27.68884,-97.21227,16:00:00
c-0207-00,t-0207,COBIA,4,1,3,95.3,27.10899,-96.71866,15:00:00
c-0207-01,t-0207,SHARK,1,0,1,110.3,26.24258,-95.81328,09:15:00
c-0208-00,t-0208,RED_SNAPPER,2,0,2,54.0,26.51417,-97.56862,14:15:00
c-0208-01,t-0208,SHARK,6,1,5,115.4,27.71262,-97.56779,14:00:00
c-0208-02,t-0208,TARPON,4,3,1,52.0,26.71484,-96.61988,10:15:00
c-0209-00,t-0209,COBIA,10,4,6,94.7,27.14962,-96.88843,16:00:00
c-0209-01,t-0209,SHARK,12,1,11,119.7,27.37742,-97.18222,16:45:00
c-0209-02,t-0209,TARPON,5,5,0,25.9,27.45148,-97.36859,10:15:00
c-0210-00,t-0210,FLOUNDER,3,0,3,59.2,28.2641,-96.4815,11:45:00
c-0210-01,t-0210,FLOUNDER,7,1,6,92.7,28.27772,-96.28457,09:15:00
c-0210-02,t-0210,SHARK,2,0,2,95.2,27.61255,-96.70398,14:00:00
c-0210-03,t-0210,FLOUNDER,8,2,6,33.8,27.95456,-96.38082,16:45:00
c-0211-00,t-0211,TARPON,2,1,1,38.0,27.93582,-95.94803,05:00:00
c-0211-01,t-0211,COBIA,10,6,4,82.7,28.25464,-96.4998,11:15:00
c-0211-02,t-0211,SNOOK,8,4,4,79.6,26.07818,-97.31829,07:45:00
c-0211-03,t-0211,RED_SNAPPER,11,10,1,97.8,27.78445,-95.81767,15:45:00
c-0211-04,t-0211,RED_SNAPPER,6,0,6,31.7,26.633,-96.49361,06:45:00
c-0211-05,t-0211,FLOUNDER,4,0,4,77.3,27.47524,-95.98304,14:45:00
c-0211-06,t-0211,TARPON,10,2,8,68.4,26.62957,-96.30928,15:45:00
c-0212-00,t-0212,FLOUNDER,9,8,1,68.9,27.8696,-97.76051,13:00:00
c-0212-01,t-0212,COBIA,11,1,10,106.2,27.73307,-97.38507,16:15:00
c-0212-02,t-0212,RED_SNAPPER,6,0,6,32.9,26.01225,-96.90553,08:15:00
c-0212-03,t-0212,RED_SNAPPER,1,0,1,70.6,26.20199,-97.28648,10:15:00
c-0212-04,t-0212,SHARK,1,0,1,24.6,26.97302,-95.90954,13:30:00
c-0213-00,t-0213,RED_SNAPPER,2,2,0,43.7,27.23788,-97.38032,08:15:00
c-0213-01,t-0213,FLOUNDER,3,1,2,55.9,26.68933,-96.13474,07:45:00
c-0213-02,t-0213,TARPON,7,2,5,65.6,26.17103,-97.29007,09:45:00
c-0213-03,t-0213,SNOOK,4,0,4,93.3,28.16246,-97.51351,15:15:00
c-0213-04,t-0213,FLOUNDER,11,8,3,36.4,27.64322,-96.67272,07:30:00
c-0213-05,t-0213,RED_SNAPPER,1,0,1,47.0,28.28263,-96.93275,13:00:00
c-0214-00,t-0214,RED_SNAPPER,7,1,6,37.6,26.86746,-95.86245,16:30:00
c-0214-01,t-0214,SHARK,2,2,0,90.0,27.3543,-96.1864,09:30:00
c-0215-00,t-0215,SNOOK,11,8,3,35.5,27.36231,-97.28188,07:15:00
c-0215-01,t-0215,SNOOK,1,1,0,97.8,26.87124,-96.32916,15:45:00
c-0215-02,t-0215,TARPON,6,6,0,70.2,27.62561,-97.43379,09:45:00
c-0215-03,t-0215,SNOOK,4,2,2,105.8,27.19737,-96.36307,09:45:00
c-0215-04,t-0215,RED_SNAPPER,11,1,10,93.0,27.77233,-96.10951,06:15:00
c-0216-00,t-0216,SNOOK,11,8,3,32.5,27.14495,-96.42976,05:15:00
c-0216-01,t-0216,SNOOK,12,6,6,73.4,28.09504,-96.30817,10:15:00
c-0216-02,t-0216,RED_SNAPPER,9,9,0,80.7,28.28671,-96.47765,07:15:00
c-0216-03,t-0216,RED_SNAPPER,3,2,1,62.3,26.40207,-97.0659,11:15:00
c-0216-04,t-0216,FLOUNDER,11,3,8,105.1,26.85855,-97.57353,06:30:00
c-0217-00,t-0217,SHARK,2,0,2,109.0,27.05881,-97.2033,07:45:00
c-0217-01,t-0217,RED_SNAPPER,8,3,5,72.9,26.81542,-97.59732,07:45:00
c-0217-02,t-0217,COBIA,3,2,1,67.1,26.28484,-96.82518,10:30:00
c-0217-03,t-0217,RED_SNAPPER,9,4,5,118.9,26.83834,-96.01561,15:45:00
c-0217-04,t-0217,SHARK,7,0,7,108.4,26.37222,-97.09252,16:15:00
c-0217-05,t-0217,TARPON,3,3,0,94.4,26.25453,-97.2302,05:15:00
c-0218-00,t-0218,COBIA,7,6,1,31.0,27.64294,-97.15022,06:00:00
c-0218-01,t-0218,RED_SNAPPER,1,0,1,87.8,26.29008,-97.11176,10:45:00
c-0218-02,t-0218,SHARK,7,7,0,48.2,28.24581,-96.32514,06:45:00
c-0218-03,t-0218,COBIA,9,2,7,48.1,26.56982,-97.49501,06:30:00
c-0218-04,t-0218,TARPON,7,3,4,90.6,28.28679,-97.30529,06:15:00
c-0218-05,t-0218,COBIA,11,10,1,42.9,26.43394,-96.09026,07:45:00
c-0218-06,t-0218,RED_SNAPPER,3,3,0,81.6,26.08824,-95.8192,06:00:00
c-0219-00,t-0219,RED_SNAPPER,1,1,0,46.9,26.1411,-96.94585,09:30:00
c-0219-01,t-0219,RED_SNAPPER,1,0,1,20.1,27.63665,-97.30606,15:30:00
c-0219-02,t-0219,TARPON,10,1,9,38.5,26.48755,-96.85588,12:30:00
c-0219-03,t-0219,SNOOK,11,0,11,75.2,26.76885,-97.57694,07:30:00
c-0219-04,t-0219,FLOUNDER,12,12,0,72.9,26.82931,-96.17993,10:15:00
c-0220-00,t-0220,SNOOK,6,2,4,67.4,26.17222,-96.70684,08:15:00
c-0220-01,t-0220,FLOUNDER,9,4,5,117.5,26.10077,-97.41659,10:45:00
c-0221-00,t-0221,RED_SNAPPER,3,2,1,115.6,27.37805,-96.40659,05:15:00
c-0221-01,t-0221,FLOUNDER,11,8,3,117.2,27.70364,-97.00501,07:45:00
c-0221-02,t-0221,FLOUNDER,7,6,1,47.1,27.72667,-97.0317,07:00:00
c-0222-00,t-0222,COBIA,2,0,2,24.6,26.68164,-97.26297,08:30:00
c-0222-01,t-0222,SHARK,5,1,4,107.3,26.08991,-97.50372,05:15:00
c-0222-02,t-0222,SNOOK,2,0,2,54.7,28.27593,-97.38006,14:30:00
c-0223-00,t-0223,RED_SNAPPER,3,2,1,73.7,26.50434,-95.86955,14:00:00
c-0223-01,t-0223,SNOOK,11,4,7,83.4,27.66199,-96.42377,13:15:00
c-0223-02,t-0223,FLOUNDER,5,1,4,83.0,27.87875,-97.35872,11:15:00
c-0223-03,t-0223,COBIA,7,5,2,110.2,27.02593,-96.34038,06:45:00
c-0224-00,t-0224,RED_SNAPPER,7,3,4,34.4,26.37471,-97.44453,11:15:00
c-0224-01,t-0224,SNOOK,7,1,6,72.7,27.04656,-96.50976,16:00:00
c-0224-02,t-0224,RED_SNAPPER,1,0,1,96.3,27.38758,-97.04425,15:00:00
c-0224-03,t-0224,SNOOK,5,1,4,80.0,26.30401,-96.25976,05:00:00
c-0225-00,t-0225,FLOUNDER,4,0,4,89.2,26.70699,-96.84218,15:00:00
c-0225-01,t-0225,RED_SNAPPER,9,4,5,71.2,26.04878,-97.71095,11:15:00
c-0225-02,t-0225,TARPON,4,3,1,34.7,26.00278,-97.35137,15:30:00
c-0226-00,t-0226,FLOUNDER,9,5,4,38.1,27.39036,-97.44386,11:15:00
c-0226-01,t-0226,SHARK,10,4,6,107.5,28.05417,-96.42568,09:45:00
c-0227-00,t-0227,RED_SNAPPER,8,1,7,77.8,26.33989,-96.90661,16:30:00
c-0227-01,t-0227,TARPON,3,1,2,55.3,26.33274,-97.15389,12:45:00
c-0227-02,t-0227,SHARK,10,10,0,33.8,27.10696,-95.8543,15:15:00
c-0227-03,t-0227,TARPON,9,8,1,73.2,26.88133,-96.70132,08:45:00
c-0228-00,t-0228,FLOUNDER,1,1,0,67.4,26.00659,-95.81219,07:00:00
c-0228-01,t-0228,TARPON,3,2,1,34.4,26.13703,-97.1013,13:45:00
c-0228-02,t-0228,RED_SNAPPER,1,0,1,116.2,26.55774,-96.14436,16:15:00
c-0228-03,t-0228,RED_SNAPPER,7,5,2,90.1,26.86816,-97.74731,15:00:00
c-0229-00,t-0229,TARPON,3,2,1,61.2,27.76046,-96.86047,10:45:00
c-0229-01,t-0229,COBIA,5,0,5,26.0,27.79721,-96.40951,15:00:00
c-0229-02,t-0229,TARPON,3,0,3,103.3,27.3896,-97.45284,15:45:00
c-0230-00,t-0230,TARPON,3,1,2,81.9,28.23818,-96.757,08:45:00
c-0230-01,t-0230,RED_SNAPPER,9,9,0,101.7,26.4225,-96.30801,12:45:00
c-0230-02,t-0230,RED_SNAPPER,7,2,5,100.3,26.72034,-96.51622,15:45:00
c-0230-03,t-0230,FLOUNDER,2,1,1,97.9,26.44788,-97.5832,10:00:00
c-0231-00,t-0231,SHARK,1,0,1,28.5,26.43181,-97.39655,14:00:00
c-0231-01,t-0231,SHARK,1,0,1,29.3,27.2966,-96.21955,09:00:00
c-0231-02,t-0231,SHARK,7,3,4,95.2,28.25525,-96.29664,16:30:00
c-0231-03,t-0231,TARPON,2,1,1,109.7,28.23986,-96.39469,13:00:00
c-0232-00,t-0232,COBIA,12,3,9,100.7,28.03597,-97.61342,15:15:00
c-0232-01,t-0232,SNOOK,9,8,1,80.9,27.7683,-97.47791,13:30:00
c-0233-00,t-0233,RED_SNAPPER,3,3,0,100.5,28.29312,-96.58625,07:30:00
c-0233-01,t-0233,RED_SNAPPER,2,1,1,65.5,27.25841,-95.86211,07:30:00
c-0233-02,t-0233,RED_SNAPPER,6,2,4,27.1,26.37139,-97.23977,16:45:00
c-0234-00,t-0234,TARPON,7,2,5,56.7,26.83599,-97.22675,14:30:00
c-0234-01,t-0234,SHARK,9,7,2,107.7,26.85947,-96.4356,15:00:00
c-0235-00,t-0235,TARPON,8,8,0,30.9,27.53905,-97.10212,07:00:00
c-0235-01,t-0235,TARPON,7,3,4,52.9,28.11016,-95.95502,10:30:00
c-0235-02,t-0235,TARPON,12,11,1,31.4,28.29181,-96.82741,12:00:00
c-0235-03,t-0235,SHARK,3,1,2,76.8,27.25369,-95.90293,14:45:00
c-0235-04,t-0235,COBIA,7,7,0,25.4,26.14352,-96.18293,05:45:00
c-0236-00,t-0236,FLOUNDER,8,6,2,41.4,26.18793,-96.05245,09:15:00
c-0236-01,t-0236,SHARK,7,5,2,36.5,27.91026,-97.61512,10:45:00
c-0236-02,t-0236,SHARK,3,3,0,111.3,27.10774,-96.72899,14:45:00
c-0236-03,t-0236,RED_SNAPPER,10,3,7,92.3,27.89294,-96.67818,14:15:00
c-0236-04,t-0236,SNOOK,12,11,1,93.3,26.74458,-95.82726,05:15:00
c-0237-00,t-0237,SNOOK,3,3,0,116.9,27.66126,-95.82352,06:00:00
c-0237-01,t-0237,FLOUNDER,7,2,5,57.8,26.50283,-95.84194,10:15:00
c-0237-02,t-0237,SHARK,10,0,10,101.4,28.19047,-95.85651,05:30:00
c-0237-03,t-0237,TARPON,2,2,0,84.9,28.06231,-96.79583,12:45:00
c-0237-04,t-0237,FLOUNDER,9,6,3,117.4,26.94389,-97.09558,10:00:00
c-0237-05,t-0237,FLOUNDER,6,1,5,79.5,28.1306,-96.88235,13:45:00
c-0238-00,t-0238,FLOUNDER,12,12,0,112.7,28.14474,-97.59265,06:45:00
c-0238-01,t-0238,TARPON,11,4,7,41.2,27.15773,-96.18826,12:45:00
c-0238-02,t-0238,TARPON,2,1,1,61.3,26.26335,-96.08731,15:45:00
c-0238-03,t-0238,SHARK,4,4,0,46.8,26.01749,-97.05071,15:30:00
c-0238-04,t-0238,RED_SNAPPER,7,3,4,110.0,26.70701,-95.99465,11:00:00
c-0238-05,t-0238,FLOUNDER,6,6,0,102.0,26.03572,-97.49325,14:30:00
c-0239-00,t-0239,TARPON,7,2,5,110.4,26.98694,-95.92122,13:15:00
c-0239-01,t-0239,SNOOK,3,0,3,77.7,27.00602,-97.60084,11:30:00
c-0239-02,t-0239,RED_SNAPPER,6,1,5,29.3,27.92588,-97.48189,11:00:00
c-0239-03,t-0239,FLOUNDER,1,0,1,58.2,27.44646,-96.61342,16:15:00
c-0239-04,t-0239,COBIA,6,1,5,85.3,28.26185,-96.53107,08:30:00
c-0239-05,t-0239,TARPON,12,12,0,97.0,26.44581,-96.11909,15:00:00
c-0240-00,t-0240,RED_SNAPPER,3,0,3,69.4,26.32622,-97.27601,10:15:00
c-0240-01,t-0240,RED_SNAPPER,1,1,0,68.7,26.89884,-96.81793,15:00:00
c-edge-invalid-coord,t-0001,RED_SNAPPER,3,1,2,55.0,95.0,-200.0,09:00:00
c-edge-implausible,t-0002,COBIA,150,75,75,350.0,27.15,-96.41,10:00:00
